Product code,Vendor,Category
V10-00-00186653,"ООО ""КОМЕК МАШИНЕРИ""",DELETE500
V10-00-00186672,"ООО ""КОМЕК МАШИНЕРИ""",DELETE500
V10-00-00186722,"ООО ""КОМЕК МАШИНЕРИ""",DELETE500
V10-00-00186760,"ООО ""КОМЕК МАШИНЕРИ""",DELETE500
V10-00-00186773,"ООО ""КОМЕК МАШИНЕРИ""",DELETE500
V10-00-00186827,"ООО ""КОМЕК МАШИНЕРИ""",DELETE500
V10-00-00186846,"ООО ""КОМЕК МАШИНЕРИ""",DELETE500
V10-00-00186848,"ООО ""КОМЕК МАШИНЕРИ""",DELETE500
V10-00-00186868,"ООО ""КОМЕК МАШИНЕРИ""",DELETE500
V10-00-00186885,"ООО ""КОМЕК МАШИНЕРИ""",DELETE500
V10-00-00186934,"ООО ""КОМЕК МАШИНЕРИ""",DELETE500
V10-00-00186942,"ООО ""КОМЕК МАШИНЕРИ""",DELETE500
V10-00-00186964,"ООО ""КОМЕК МАШИНЕРИ""",DELETE500
V10-00-00187026,"ООО ""КОМЕК МАШИНЕРИ""",DELETE500
V10-00-00187031,"ООО ""КОМЕК МАШИНЕРИ""",DELETE500
V10-00-00187076,"ООО ""КОМЕК МАШИНЕРИ""",DELETE500
V10-00-00187083,"ООО ""КОМЕК МАШИНЕРИ""",DELETE500
V10-00-00187095,"ООО ""КОМЕК МАШИНЕРИ""",DELETE500
V10-00-00187111,"ООО ""КОМЕК МАШИНЕРИ""",DELETE500
V10-00-00187125,"ООО ""КОМЕК МАШИНЕРИ""",DELETE500
V10-00-00187145,"ООО ""КОМЕК МАШИНЕРИ""",DELETE500
V10-00-00187160,"ООО ""КОМЕК МАШИНЕРИ""",DELETE500
V10-00-00187180,"ООО ""КОМЕК МАШИНЕРИ""",DELETE500
V10-00-00187181,"ООО ""КОМЕК МАШИНЕРИ""",DELETE500
V10-00-00187182,"ООО ""КОМЕК МАШИНЕРИ""",DELETE500
V10-00-00187183,"ООО ""КОМЕК МАШИНЕРИ""",DELETE500
V10-00-00187188,"ООО ""КОМЕК МАШИНЕРИ""",DELETE500
V10-00-00187206,"ООО ""КОМЕК МАШИНЕРИ""",DELETE500
V10-00-00187222,"ООО ""КОМЕК МАШИНЕРИ""",DELETE500
V10-00-00187223,"ООО ""КОМЕК МАШИНЕРИ""",DELETE500
V10-00-00187224,"ООО ""КОМЕК МАШИНЕРИ""",DELETE500
V10-00-00187251,"ООО ""КОМЕК МАШИНЕРИ""",DELETE500
V10-00-00187254,"ООО ""КОМЕК МАШИНЕРИ""",DELETE500
V10-00-00187279,"ООО ""КОМЕК МАШИНЕРИ""",DELETE500
V10-00-00187297,"ООО ""КОМЕК МАШИНЕРИ""",DELETE500
V10-00-00187317,"ООО ""КОМЕК МАШИНЕРИ""",DELETE500
V10-00-00187318,"ООО ""КОМЕК МАШИНЕРИ""",DELETE500
V10-00-00187320,"ООО ""КОМЕК МАШИНЕРИ""",DELETE500
V10-00-00187321,"ООО ""КОМЕК МАШИНЕРИ""",DELETE500
V10-00-00187355,"ООО ""КОМЕК МАШИНЕРИ""",DELETE500
V10-00-00187365,"ООО ""КОМЕК МАШИНЕРИ""",DELETE500
V10-00-00187418,"ООО ""КОМЕК МАШИНЕРИ""",DELETE500
V10-00-00187419,"ООО ""КОМЕК МАШИНЕРИ""",DELETE500
V10-00-00187442,"ООО ""КОМЕК МАШИНЕРИ""",DELETE500
V10-00-00187446,"ООО ""КОМЕК МАШИНЕРИ""",DELETE500
V10-00-00187472,"ООО ""КОМЕК МАШИНЕРИ""",DELETE500
V10-00-00187473,"ООО ""КОМЕК МАШИНЕРИ""",DELETE500
V10-00-00187489,"ООО ""КОМЕК МАШИНЕРИ""",DELETE500
V10-00-00187491,"ООО ""КОМЕК МАШИНЕРИ""",DELETE500
V10-00-00187507,"ООО ""КОМЕК МАШИНЕРИ""",DELETE500
V10-00-00187528,"ООО ""КОМЕК МАШИНЕРИ""",DELETE500
V10-00-00187529,"ООО ""КОМЕК МАШИНЕРИ""",DELETE500
V10-00-00187533,"ООО ""КОМЕК МАШИНЕРИ""",DELETE500
V10-00-00187536,"ООО ""КОМЕК МАШИНЕРИ""",DELETE500
V10-00-00187547,"ООО ""КОМЕК МАШИНЕРИ""",DELETE500
V10-00-00187550,"ООО ""КОМЕК МАШИНЕРИ""",DELETE500
V10-00-00187559,"ООО ""КОМЕК МАШИНЕРИ""",DELETE500
V10-00-00187590,"ООО ""КОМЕК МАШИНЕРИ""",DELETE500
V10-00-00187618,"ООО ""КОМЕК МАШИНЕРИ""",DELETE500
V10-00-00187632,"ООО ""КОМЕК МАШИНЕРИ""",DELETE500
V10-00-00187633,"ООО ""КОМЕК МАШИНЕРИ""",DELETE500
V10-00-00187675,"ООО ""КОМЕК МАШИНЕРИ""",DELETE500
V10-00-00187677,"ООО ""КОМЕК МАШИНЕРИ""",DELETE500
V10-00-00187687,"ООО ""КОМЕК МАШИНЕРИ""",DELETE500
V10-00-00187695,"ООО ""КОМЕК МАШИНЕРИ""",DELETE500
V10-00-00187702,"ООО ""КОМЕК МАШИНЕРИ""",DELETE500
V10-00-00187710,"ООО ""КОМЕК МАШИНЕРИ""",DELETE500
V10-00-00187724,"ООО ""КОМЕК МАШИНЕРИ""",DELETE500
V10-00-00187726,"ООО ""КОМЕК МАШИНЕРИ""",DELETE500
V10-00-00187738,"ООО ""КОМЕК МАШИНЕРИ""",DELETE500
V10-00-00187741,"ООО ""КОМЕК МАШИНЕРИ""",DELETE500
V10-00-00187764,"ООО ""КОМЕК МАШИНЕРИ""",DELETE500
V10-00-00187782,"ООО ""КОМЕК МАШИНЕРИ""",DELETE500
V10-00-00187812,"ООО ""КОМЕК МАШИНЕРИ""",DELETE500
V10-00-00187861,"ООО ""КОМЕК МАШИНЕРИ""",DELETE500
V10-00-00187888,"ООО ""КОМЕК МАШИНЕРИ""",DELETE500
V10-00-00187893,"ООО ""КОМЕК МАШИНЕРИ""",DELETE500
V10-00-00187939,"ООО ""КОМЕК МАШИНЕРИ""",DELETE500
V10-00-00187943,"ООО ""КОМЕК МАШИНЕРИ""",DELETE500
V10-00-00188001,"ООО ""КОМЕК МАШИНЕРИ""",DELETE500
V10-00-00188004,"ООО ""КОМЕК МАШИНЕРИ""",DELETE500
V10-00-00188006,"ООО ""КОМЕК МАШИНЕРИ""",DELETE500
V10-00-00188007,"ООО ""КОМЕК МАШИНЕРИ""",DELETE500
V10-00-00188008,"ООО ""КОМЕК МАШИНЕРИ""",DELETE500
V10-00-00188010,"ООО ""КОМЕК МАШИНЕРИ""",DELETE500
V10-00-00188013,"ООО ""КОМЕК МАШИНЕРИ""",DELETE500
V10-00-00188028,"ООО ""КОМЕК МАШИНЕРИ""",DELETE500
V10-00-00188038,"ООО ""КОМЕК МАШИНЕРИ""",DELETE500
V10-00-00188104,"ООО ""КОМЕК МАШИНЕРИ""",DELETE500
V10-00-00188131,"ООО ""КОМЕК МАШИНЕРИ""",DELETE500
V10-00-00188161,"ООО ""КОМЕК МАШИНЕРИ""",DELETE500
V10-00-00188220,"ООО ""КОМЕК МАШИНЕРИ""",DELETE500
V10-00-00188241,"ООО ""КОМЕК МАШИНЕРИ""",DELETE500
V10-00-00188359,"ООО ""КОМЕК МАШИНЕРИ""",DELETE500
V10-00-00188378,"ООО ""КОМЕК МАШИНЕРИ""",DELETE500
V10-00-00188379,"ООО ""КОМЕК МАШИНЕРИ""",DELETE500
V10-00-00188420,"ООО ""КОМЕК МАШИНЕРИ""",DELETE500
V10-00-00188444,"ООО ""КОМЕК МАШИНЕРИ""",DELETE500
V10-00-00188505,"ООО ""КОМЕК МАШИНЕРИ""",DELETE500
V10-00-00188549,"ООО ""КОМЕК МАШИНЕРИ""",DELETE500
V10-00-00188553,"ООО ""КОМЕК МАШИНЕРИ""",DELETE500
V10-00-00188580,"ООО ""КОМЕК МАШИНЕРИ""",DELETE500
V10-00-00188585,"ООО ""КОМЕК МАШИНЕРИ""",DELETE500
V10-00-00188616,"ООО ""КОМЕК МАШИНЕРИ""",DELETE500
V10-00-00188630,"ООО ""КОМЕК МАШИНЕРИ""",DELETE500
V10-00-00188633,"ООО ""КОМЕК МАШИНЕРИ""",DELETE500
V10-00-00188684,"ООО ""КОМЕК МАШИНЕРИ""",DELETE500
V10-00-00188690,"ООО ""КОМЕК МАШИНЕРИ""",DELETE500
V10-00-00188696,"ООО ""КОМЕК МАШИНЕРИ""",DELETE500
V10-00-00188706,"ООО ""КОМЕК МАШИНЕРИ""",DELETE500
V10-00-00188717,"ООО ""КОМЕК МАШИНЕРИ""",DELETE500
V10-00-00188719,"ООО ""КОМЕК МАШИНЕРИ""",DELETE500
V10-00-00188724,"ООО ""КОМЕК МАШИНЕРИ""",DELETE500
V10-00-00188729,"ООО ""КОМЕК МАШИНЕРИ""",DELETE500
V10-00-00188733,"ООО ""КОМЕК МАШИНЕРИ""",DELETE500
V10-00-00188744,"ООО ""КОМЕК МАШИНЕРИ""",DELETE500
V10-00-00188774,"ООО ""КОМЕК МАШИНЕРИ""",DELETE500
V10-00-00188819,"ООО ""КОМЕК МАШИНЕРИ""",DELETE500
V10-00-00188828,"ООО ""КОМЕК МАШИНЕРИ""",DELETE500
V10-00-00188833,"ООО ""КОМЕК МАШИНЕРИ""",DELETE500
V10-00-00188848,"ООО ""КОМЕК МАШИНЕРИ""",DELETE500
V10-00-00188880,"ООО ""КОМЕК МАШИНЕРИ""",DELETE500
V10-00-00188882,"ООО ""КОМЕК МАШИНЕРИ""",DELETE500
V10-00-00188883,"ООО ""КОМЕК МАШИНЕРИ""",DELETE500
V10-00-00188886,"ООО ""КОМЕК МАШИНЕРИ""",DELETE500
V10-00-00188892,"ООО ""КОМЕК МАШИНЕРИ""",DELETE500
V10-00-00188905,"ООО ""КОМЕК МАШИНЕРИ""",DELETE500
V10-00-00188928,"ООО ""КОМЕК МАШИНЕРИ""",DELETE500
V10-00-00188956,"ООО ""КОМЕК МАШИНЕРИ""",DELETE500
V10-00-00188958,"ООО ""КОМЕК МАШИНЕРИ""",DELETE500
V10-00-00188961,"ООО ""КОМЕК МАШИНЕРИ""",DELETE500
V10-00-00188963,"ООО ""КОМЕК МАШИНЕРИ""",DELETE500
V10-00-00188984,"ООО ""КОМЕК МАШИНЕРИ""",DELETE500
V10-00-00188996,"ООО ""КОМЕК МАШИНЕРИ""",DELETE500
V10-00-00189042,"ООО ""КОМЕК МАШИНЕРИ""",DELETE500
V10-00-00189073,"ООО ""КОМЕК МАШИНЕРИ""",DELETE500
V10-00-00189076,"ООО ""КОМЕК МАШИНЕРИ""",DELETE500
V10-00-00189099,"ООО ""КОМЕК МАШИНЕРИ""",DELETE500
V10-00-00189100,"ООО ""КОМЕК МАШИНЕРИ""",DELETE500
V10-00-00189106,"ООО ""КОМЕК МАШИНЕРИ""",DELETE500
V10-00-00189116,"ООО ""КОМЕК МАШИНЕРИ""",DELETE500
V10-00-00189117,"ООО ""КОМЕК МАШИНЕРИ""",DELETE500
V10-00-00189154,"ООО ""КОМЕК МАШИНЕРИ""",DELETE500
V10-00-00189158,"ООО ""КОМЕК МАШИНЕРИ""",DELETE500
V10-00-00189174,"ООО ""КОМЕК МАШИНЕРИ""",DELETE500
V10-00-00189176,"ООО ""КОМЕК МАШИНЕРИ""",DELETE500
V10-00-00189177,"ООО ""КОМЕК МАШИНЕРИ""",DELETE500
V10-00-00189189,"ООО ""КОМЕК МАШИНЕРИ""",DELETE500
V10-00-00189192,"ООО ""КОМЕК МАШИНЕРИ""",DELETE500
V10-00-00189205,"ООО ""КОМЕК МАШИНЕРИ""",DELETE500
V10-00-00189214,"ООО ""КОМЕК МАШИНЕРИ""",DELETE500
V10-00-00189220,"ООО ""КОМЕК МАШИНЕРИ""",DELETE500
V10-00-00189255,"ООО ""КОМЕК МАШИНЕРИ""",DELETE500
V10-00-00189281,"ООО ""КОМЕК МАШИНЕРИ""",DELETE500
V10-00-00189283,"ООО ""КОМЕК МАШИНЕРИ""",DELETE500
V10-00-00189317,"ООО ""КОМЕК МАШИНЕРИ""",DELETE500
V10-00-00189324,"ООО ""КОМЕК МАШИНЕРИ""",DELETE500
V10-00-00189325,"ООО ""КОМЕК МАШИНЕРИ""",DELETE500
V10-00-00189379,"ООО ""КОМЕК МАШИНЕРИ""",DELETE500
V10-00-00189412,"ООО ""КОМЕК МАШИНЕРИ""",DELETE500
V10-00-00189419,"ООО ""КОМЕК МАШИНЕРИ""",DELETE500
V10-00-00189443,"ООО ""КОМЕК МАШИНЕРИ""",DELETE500
V10-00-00189454,"ООО ""КОМЕК МАШИНЕРИ""",DELETE500
V10-00-00189483,"ООО ""КОМЕК МАШИНЕРИ""",DELETE500
V10-00-00189503,"ООО ""КОМЕК МАШИНЕРИ""",DELETE500
V10-00-00189516,"ООО ""КОМЕК МАШИНЕРИ""",DELETE500
V10-00-00189556,"ООО ""КОМЕК МАШИНЕРИ""",DELETE500
V10-00-00189632,"ООО ""КОМЕК МАШИНЕРИ""",DELETE500
V10-00-00189639,"ООО ""КОМЕК МАШИНЕРИ""",DELETE500
V10-00-00189648,"ООО ""КОМЕК МАШИНЕРИ""",DELETE500
V10-00-00189666,"ООО ""КОМЕК МАШИНЕРИ""",DELETE500
V10-00-00189704,"ООО ""КОМЕК МАШИНЕРИ""",DELETE500
V10-00-00189742,"ООО ""КОМЕК МАШИНЕРИ""",DELETE500
V10-00-00189743,"ООО ""КОМЕК МАШИНЕРИ""",DELETE500
V10-00-00189754,"ООО ""КОМЕК МАШИНЕРИ""",DELETE500
V10-00-00189757,"ООО ""КОМЕК МАШИНЕРИ""",DELETE500
V10-00-00189765,"ООО ""КОМЕК МАШИНЕРИ""",DELETE500
V10-00-00189915,"ООО ""КОМЕК МАШИНЕРИ""",DELETE500
V10-00-00189940,"ООО ""КОМЕК МАШИНЕРИ""",DELETE500
V10-00-00189962,"ООО ""КОМЕК МАШИНЕРИ""",DELETE500
V10-00-00189993,"ООО ""КОМЕК МАШИНЕРИ""",DELETE500
V10-00-00190162,"ООО ""КОМЕК МАШИНЕРИ""",DELETE500
V10-00-00190222,"ООО ""КОМЕК МАШИНЕРИ""",DELETE500
V10-00-00190267,"ООО ""КОМЕК МАШИНЕРИ""",DELETE500
V10-00-00190334,"ООО ""КОМЕК МАШИНЕРИ""",DELETE500
V10-00-00190386,"ООО ""КОМЕК МАШИНЕРИ""",DELETE500
V10-00-00190415,"ООО ""КОМЕК МАШИНЕРИ""",DELETE500
V10-00-00190418,"ООО ""КОМЕК МАШИНЕРИ""",DELETE500
V10-00-00190433,"ООО ""КОМЕК МАШИНЕРИ""",DELETE500
V10-00-00190435,"ООО ""КОМЕК МАШИНЕРИ""",DELETE500
V10-00-00190466,"ООО ""КОМЕК МАШИНЕРИ""",DELETE500
V10-00-00190521,"ООО ""КОМЕК МАШИНЕРИ""",DELETE500
V10-00-00190533,"ООО ""КОМЕК МАШИНЕРИ""",DELETE500
V10-00-00190534,"ООО ""КОМЕК МАШИНЕРИ""",DELETE500
V10-00-00190536,"ООО ""КОМЕК МАШИНЕРИ""",DELETE500
V10-00-00190538,"ООО ""КОМЕК МАШИНЕРИ""",DELETE500
V10-00-00190588,"ООО ""КОМЕК МАШИНЕРИ""",DELETE500
V10-00-00190622,"ООО ""КОМЕК МАШИНЕРИ""",DELETE500
V10-00-00190649,"ООО ""КОМЕК МАШИНЕРИ""",DELETE500
V10-00-00190662,"ООО ""КОМЕК МАШИНЕРИ""",DELETE500
V10-00-00190697,"ООО ""КОМЕК МАШИНЕРИ""",DELETE500
V10-00-00190767,"ООО ""КОМЕК МАШИНЕРИ""",DELETE500
V10-00-00190795,"ООО ""КОМЕК МАШИНЕРИ""",DELETE500
V10-00-00190797,"ООО ""КОМЕК МАШИНЕРИ""",DELETE500
V10-00-00190821,"ООО ""КОМЕК МАШИНЕРИ""",DELETE500
V10-00-00190865,"ООО ""КОМЕК МАШИНЕРИ""",DELETE500
V10-00-00190872,"ООО ""КОМЕК МАШИНЕРИ""",DELETE500
V10-00-00190888,"ООО ""КОМЕК МАШИНЕРИ""",DELETE500
V10-00-00190917,"ООО ""КОМЕК МАШИНЕРИ""",DELETE500
V10-00-00190923,"ООО ""КОМЕК МАШИНЕРИ""",DELETE500
V10-00-00190928,"ООО ""КОМЕК МАШИНЕРИ""",DELETE500
V10-00-00190932,"ООО ""КОМЕК МАШИНЕРИ""",DELETE500
V10-00-00190973,"ООО ""КОМЕК МАШИНЕРИ""",DELETE500
V10-00-00190996,"ООО ""КОМЕК МАШИНЕРИ""",DELETE500
V10-00-00190999,"ООО ""КОМЕК МАШИНЕРИ""",DELETE500
V10-00-00191030,"ООО ""КОМЕК МАШИНЕРИ""",DELETE500
V10-00-00191031,"ООО ""КОМЕК МАШИНЕРИ""",DELETE500
V10-00-00191055,"ООО ""КОМЕК МАШИНЕРИ""",DELETE500
V10-00-00191056,"ООО ""КОМЕК МАШИНЕРИ""",DELETE500
V10-00-00191103,"ООО ""КОМЕК МАШИНЕРИ""",DELETE500
V10-00-00191123,"ООО ""КОМЕК МАШИНЕРИ""",DELETE500
V10-00-00191163,"ООО ""КОМЕК МАШИНЕРИ""",DELETE500
V10-00-00191175,"ООО ""КОМЕК МАШИНЕРИ""",DELETE500
V10-00-00191179,"ООО ""КОМЕК МАШИНЕРИ""",DELETE500
V10-00-00191185,"ООО ""КОМЕК МАШИНЕРИ""",DELETE500
V10-00-00191190,"ООО ""КОМЕК МАШИНЕРИ""",DELETE500
V10-00-00191218,"ООО ""КОМЕК МАШИНЕРИ""",DELETE500
V10-00-00191233,"ООО ""КОМЕК МАШИНЕРИ""",DELETE500
V10-00-00191240,"ООО ""КОМЕК МАШИНЕРИ""",DELETE500
V10-00-00191244,"ООО ""КОМЕК МАШИНЕРИ""",DELETE500
V10-00-00191259,"ООО ""КОМЕК МАШИНЕРИ""",DELETE500
V10-00-00191263,"ООО ""КОМЕК МАШИНЕРИ""",DELETE500
V10-00-00191264,"ООО ""КОМЕК МАШИНЕРИ""",DELETE500
V10-00-00191307,"ООО ""КОМЕК МАШИНЕРИ""",DELETE500
V10-00-00191333,"ООО ""КОМЕК МАШИНЕРИ""",DELETE500
V10-00-00191334,"ООО ""КОМЕК МАШИНЕРИ""",DELETE500
V10-00-00191340,"ООО ""КОМЕК МАШИНЕРИ""",DELETE500
V10-00-00191377,"ООО ""КОМЕК МАШИНЕРИ""",DELETE500
V10-00-00191412,"ООО ""КОМЕК МАШИНЕРИ""",DELETE500
V10-00-00191415,"ООО ""КОМЕК МАШИНЕРИ""",DELETE500
V10-00-00191431,"ООО ""КОМЕК МАШИНЕРИ""",DELETE500
V10-00-00191449,"ООО ""КОМЕК МАШИНЕРИ""",DELETE500
V10-00-00191470,"ООО ""КОМЕК МАШИНЕРИ""",DELETE500
V10-00-00191483,"ООО ""КОМЕК МАШИНЕРИ""",DELETE500
V10-00-00191484,"ООО ""КОМЕК МАШИНЕРИ""",DELETE500
V10-00-00191487,"ООО ""КОМЕК МАШИНЕРИ""",DELETE500
V10-00-00191491,"ООО ""КОМЕК МАШИНЕРИ""",DELETE500
V10-00-00191535,"ООО ""КОМЕК МАШИНЕРИ""",DELETE500
V10-00-00191537,"ООО ""КОМЕК МАШИНЕРИ""",DELETE500
V10-00-00191546,"ООО ""КОМЕК МАШИНЕРИ""",DELETE500
V10-00-00191559,"ООО ""КОМЕК МАШИНЕРИ""",DELETE500
V10-00-00191606,"ООО ""КОМЕК МАШИНЕРИ""",DELETE500
V10-00-00191689,"ООО ""КОМЕК МАШИНЕРИ""",DELETE500
V10-00-00191697,"ООО ""КОМЕК МАШИНЕРИ""",DELETE500
V10-00-00191739,"ООО ""КОМЕК МАШИНЕРИ""",DELETE500
V10-00-00191815,"ООО ""КОМЕК МАШИНЕРИ""",DELETE500
V10-00-00191817,"ООО ""КОМЕК МАШИНЕРИ""",DELETE500
V10-00-00191834,"ООО ""КОМЕК МАШИНЕРИ""",DELETE500
V10-00-00191835,"ООО ""КОМЕК МАШИНЕРИ""",DELETE500
V10-00-00191836,"ООО ""КОМЕК МАШИНЕРИ""",DELETE500
V10-00-00191840,"ООО ""КОМЕК МАШИНЕРИ""",DELETE500
V10-00-00191848,"ООО ""КОМЕК МАШИНЕРИ""",DELETE500
V10-00-00191905,"ООО ""КОМЕК МАШИНЕРИ""",DELETE500
V10-00-00191907,"ООО ""КОМЕК МАШИНЕРИ""",DELETE500
V10-00-00191910,"ООО ""КОМЕК МАШИНЕРИ""",DELETE500
V10-00-00191934,"ООО ""КОМЕК МАШИНЕРИ""",DELETE500
V10-00-00191957,"ООО ""КОМЕК МАШИНЕРИ""",DELETE500
V10-00-00192009,"ООО ""КОМЕК МАШИНЕРИ""",DELETE500
V10-00-00192052,"ООО ""КОМЕК МАШИНЕРИ""",DELETE500
V10-00-00192055,"ООО ""КОМЕК МАШИНЕРИ""",DELETE500
V10-00-00192067,"ООО ""КОМЕК МАШИНЕРИ""",DELETE500
V10-00-00192115,"ООО ""КОМЕК МАШИНЕРИ""",DELETE500
V10-00-00192126,"ООО ""КОМЕК МАШИНЕРИ""",DELETE500
V10-00-00192160,"ООО ""КОМЕК МАШИНЕРИ""",DELETE500
V10-00-00192163,"ООО ""КОМЕК МАШИНЕРИ""",DELETE500
V10-00-00192226,"ООО ""КОМЕК МАШИНЕРИ""",DELETE500
V10-00-00192237,"ООО ""КОМЕК МАШИНЕРИ""",DELETE500
V10-00-00192259,"ООО ""КОМЕК МАШИНЕРИ""",DELETE500
V10-00-00192279,"ООО ""КОМЕК МАШИНЕРИ""",DELETE500
V10-00-00192295,"ООО ""КОМЕК МАШИНЕРИ""",DELETE500
V10-00-00192298,"ООО ""КОМЕК МАШИНЕРИ""",DELETE500
V10-00-00192299,"ООО ""КОМЕК МАШИНЕРИ""",DELETE500
V10-00-00192324,"ООО ""КОМЕК МАШИНЕРИ""",DELETE500
V10-00-00192333,"ООО ""КОМЕК МАШИНЕРИ""",DELETE500
V10-00-00192335,"ООО ""КОМЕК МАШИНЕРИ""",DELETE500
V10-00-00192395,"ООО ""КОМЕК МАШИНЕРИ""",DELETE500
V10-00-00192428,"ООО ""КОМЕК МАШИНЕРИ""",DELETE500
V10-00-00192439,"ООО ""КОМЕК МАШИНЕРИ""",DELETE500
V10-00-00192464,"ООО ""КОМЕК МАШИНЕРИ""",DELETE500
V10-00-00192470,"ООО ""КОМЕК МАШИНЕРИ""",DELETE500
V10-00-00192486,"ООО ""КОМЕК МАШИНЕРИ""",DELETE500
V10-00-00192490,"ООО ""КОМЕК МАШИНЕРИ""",DELETE500
V10-00-00192492,"ООО ""КОМЕК МАШИНЕРИ""",DELETE500
V10-00-00192523,"ООО ""КОМЕК МАШИНЕРИ""",DELETE500
V10-00-00192540,"ООО ""КОМЕК МАШИНЕРИ""",DELETE500
V10-00-00192541,"ООО ""КОМЕК МАШИНЕРИ""",DELETE500
V10-00-00192550,"ООО ""КОМЕК МАШИНЕРИ""",DELETE500
V10-00-00192560,"ООО ""КОМЕК МАШИНЕРИ""",DELETE500
V10-00-00192566,"ООО ""КОМЕК МАШИНЕРИ""",DELETE500
V10-00-00192567,"ООО ""КОМЕК МАШИНЕРИ""",DELETE500
V10-00-00192574,"ООО ""КОМЕК МАШИНЕРИ""",DELETE500
V10-00-00192576,"ООО ""КОМЕК МАШИНЕРИ""",DELETE500
V10-00-00192590,"ООО ""КОМЕК МАШИНЕРИ""",DELETE500
V10-00-00192595,"ООО ""КОМЕК МАШИНЕРИ""",DELETE500
V10-00-00192599,"ООО ""КОМЕК МАШИНЕРИ""",DELETE500
V10-00-00192606,"ООО ""КОМЕК МАШИНЕРИ""",DELETE500
V10-00-00192607,"ООО ""КОМЕК МАШИНЕРИ""",DELETE500
V10-00-00192612,"ООО ""КОМЕК МАШИНЕРИ""",DELETE500
V10-00-00192624,"ООО ""КОМЕК МАШИНЕРИ""",DELETE500
V10-00-00192627,"ООО ""КОМЕК МАШИНЕРИ""",DELETE500
V10-00-00192638,"ООО ""КОМЕК МАШИНЕРИ""",DELETE500
V10-00-00192639,"ООО ""КОМЕК МАШИНЕРИ""",DELETE500
V10-00-00192670,"ООО ""КОМЕК МАШИНЕРИ""",DELETE500
V10-00-00192676,"ООО ""КОМЕК МАШИНЕРИ""",DELETE500
V10-00-00192685,"ООО ""КОМЕК МАШИНЕРИ""",DELETE500
V10-00-00192690,"ООО ""КОМЕК МАШИНЕРИ""",DELETE500
V10-00-00192699,"ООО ""КОМЕК МАШИНЕРИ""",DELETE500
V10-00-00192701,"ООО ""КОМЕК МАШИНЕРИ""",DELETE500
V10-00-00192703,"ООО ""КОМЕК МАШИНЕРИ""",DELETE500
V10-00-00192731,"ООО ""КОМЕК МАШИНЕРИ""",DELETE500
V10-00-00192732,"ООО ""КОМЕК МАШИНЕРИ""",DELETE500
V10-00-00192780,"ООО ""КОМЕК МАШИНЕРИ""",DELETE500
V10-00-00192789,"ООО ""КОМЕК МАШИНЕРИ""",DELETE500
V10-00-00192791,"ООО ""КОМЕК МАШИНЕРИ""",DELETE500
V10-00-00192797,"ООО ""КОМЕК МАШИНЕРИ""",DELETE500
V10-00-00192811,"ООО ""КОМЕК МАШИНЕРИ""",DELETE500
V10-00-00192858,"ООО ""КОМЕК МАШИНЕРИ""",DELETE500
V10-00-00192872,"ООО ""КОМЕК МАШИНЕРИ""",DELETE500
V10-00-00192879,"ООО ""КОМЕК МАШИНЕРИ""",DELETE500
V10-00-00192881,"ООО ""КОМЕК МАШИНЕРИ""",DELETE500
V10-00-00192893,"ООО ""КОМЕК МАШИНЕРИ""",DELETE500
V10-00-00192913,"ООО ""КОМЕК МАШИНЕРИ""",DELETE500
V10-00-00192920,"ООО ""КОМЕК МАШИНЕРИ""",DELETE500
V10-00-00192924,"ООО ""КОМЕК МАШИНЕРИ""",DELETE500
V10-00-00192960,"ООО ""КОМЕК МАШИНЕРИ""",DELETE500
V10-00-00192963,"ООО ""КОМЕК МАШИНЕРИ""",DELETE500
V10-00-00192995,"ООО ""КОМЕК МАШИНЕРИ""",DELETE500
V10-00-00192996,"ООО ""КОМЕК МАШИНЕРИ""",DELETE500
V10-00-00193012,"ООО ""КОМЕК МАШИНЕРИ""",DELETE500
V10-00-00193019,"ООО ""КОМЕК МАШИНЕРИ""",DELETE500
V10-00-00193054,"ООО ""КОМЕК МАШИНЕРИ""",DELETE500
V10-00-00193062,"ООО ""КОМЕК МАШИНЕРИ""",DELETE500
V10-00-00193073,"ООО ""КОМЕК МАШИНЕРИ""",DELETE500
V10-00-00193105,"ООО ""КОМЕК МАШИНЕРИ""",DELETE500
V10-00-00193112,"ООО ""КОМЕК МАШИНЕРИ""",DELETE500
V10-00-00193114,"ООО ""КОМЕК МАШИНЕРИ""",DELETE500
V10-00-00193126,"ООО ""КОМЕК МАШИНЕРИ""",DELETE500
V10-00-00193133,"ООО ""КОМЕК МАШИНЕРИ""",DELETE500
V10-00-00193135,"ООО ""КОМЕК МАШИНЕРИ""",DELETE500
V10-00-00193160,"ООО ""КОМЕК МАШИНЕРИ""",DELETE500
V10-00-00193161,"ООО ""КОМЕК МАШИНЕРИ""",DELETE500
V10-00-00193181,"ООО ""КОМЕК МАШИНЕРИ""",DELETE500
V10-00-00193211,"ООО ""КОМЕК МАШИНЕРИ""",DELETE500
V10-00-00193217,"ООО ""КОМЕК МАШИНЕРИ""",DELETE500
V10-00-00193289,"ООО ""КОМЕК МАШИНЕРИ""",DELETE500
V10-00-00193317,"ООО ""КОМЕК МАШИНЕРИ""",DELETE500
V10-00-00193358,"ООО ""КОМЕК МАШИНЕРИ""",DELETE500
V10-00-00193406,"ООО ""КОМЕК МАШИНЕРИ""",DELETE500
V10-00-00193407,"ООО ""КОМЕК МАШИНЕРИ""",DELETE500
V10-00-00193435,"ООО ""КОМЕК МАШИНЕРИ""",DELETE500
V10-00-00193436,"ООО ""КОМЕК МАШИНЕРИ""",DELETE500
V10-00-00193491,"ООО ""КОМЕК МАШИНЕРИ""",DELETE500
V10-00-00193492,"ООО ""КОМЕК МАШИНЕРИ""",DELETE500
V10-00-00193496,"ООО ""КОМЕК МАШИНЕРИ""",DELETE500
V10-00-00193497,"ООО ""КОМЕК МАШИНЕРИ""",DELETE500
V10-00-00193518,"ООО ""КОМЕК МАШИНЕРИ""",DELETE500
V10-00-00193533,"ООО ""КОМЕК МАШИНЕРИ""",DELETE500
V10-00-00193535,"ООО ""КОМЕК МАШИНЕРИ""",DELETE500
V10-00-00193540,"ООО ""КОМЕК МАШИНЕРИ""",DELETE500
V10-00-00193550,"ООО ""КОМЕК МАШИНЕРИ""",DELETE500
V10-00-00193551,"ООО ""КОМЕК МАШИНЕРИ""",DELETE500
V10-00-00193561,"ООО ""КОМЕК МАШИНЕРИ""",DELETE500
V10-00-00193581,"ООО ""КОМЕК МАШИНЕРИ""",DELETE500
V10-00-00193599,"ООО ""КОМЕК МАШИНЕРИ""",DELETE500
V10-00-00193615,"ООО ""КОМЕК МАШИНЕРИ""",DELETE500
V10-00-00193618,"ООО ""КОМЕК МАШИНЕРИ""",DELETE500
V10-00-00193627,"ООО ""КОМЕК МАШИНЕРИ""",DELETE500
V10-00-00193630,"ООО ""КОМЕК МАШИНЕРИ""",DELETE500
V10-00-00193637,"ООО ""КОМЕК МАШИНЕРИ""",DELETE500
V10-00-00193644,"ООО ""КОМЕК МАШИНЕРИ""",DELETE500
V10-00-00193659,"ООО ""КОМЕК МАШИНЕРИ""",DELETE500
V10-00-00193678,"ООО ""КОМЕК МАШИНЕРИ""",DELETE500
V10-00-00193687,"ООО ""КОМЕК МАШИНЕРИ""",DELETE500
V10-00-00193689,"ООО ""КОМЕК МАШИНЕРИ""",DELETE500
V10-00-00193702,"ООО ""КОМЕК МАШИНЕРИ""",DELETE500
V10-00-00193704,"ООО ""КОМЕК МАШИНЕРИ""",DELETE500
V10-00-00193709,"ООО ""КОМЕК МАШИНЕРИ""",DELETE500
V10-00-00193736,"ООО ""КОМЕК МАШИНЕРИ""",DELETE500
V10-00-00193754,"ООО ""КОМЕК МАШИНЕРИ""",DELETE500
V10-00-00193809,"ООО ""КОМЕК МАШИНЕРИ""",DELETE500
V10-00-00193818,"ООО ""КОМЕК МАШИНЕРИ""",DELETE500
V10-00-00193849,"ООО ""КОМЕК МАШИНЕРИ""",DELETE500
V10-00-00193853,"ООО ""КОМЕК МАШИНЕРИ""",DELETE500
V10-00-00193888,"ООО ""КОМЕК МАШИНЕРИ""",DELETE500
V10-00-00193901,"ООО ""КОМЕК МАШИНЕРИ""",DELETE500
V10-00-00193909,"ООО ""КОМЕК МАШИНЕРИ""",DELETE500
V10-00-00193919,"ООО ""КОМЕК МАШИНЕРИ""",DELETE500
V10-00-00193920,"ООО ""КОМЕК МАШИНЕРИ""",DELETE500
V10-00-00193925,"ООО ""КОМЕК МАШИНЕРИ""",DELETE500
V10-00-00193927,"ООО ""КОМЕК МАШИНЕРИ""",DELETE500
V10-00-00193933,"ООО ""КОМЕК МАШИНЕРИ""",DELETE500
V10-00-00193938,"ООО ""КОМЕК МАШИНЕРИ""",DELETE500
V10-00-00193945,"ООО ""КОМЕК МАШИНЕРИ""",DELETE500
V10-00-00193950,"ООО ""КОМЕК МАШИНЕРИ""",DELETE500
V10-00-00193955,"ООО ""КОМЕК МАШИНЕРИ""",DELETE500
V10-00-00193960,"ООО ""КОМЕК МАШИНЕРИ""",DELETE500
V10-00-00193973,"ООО ""КОМЕК МАШИНЕРИ""",DELETE500
V10-00-00193992,"ООО ""КОМЕК МАШИНЕРИ""",DELETE500
V10-00-00194011,"ООО ""КОМЕК МАШИНЕРИ""",DELETE500
V10-00-00194028,"ООО ""КОМЕК МАШИНЕРИ""",DELETE500
V10-00-00194037,"ООО ""КОМЕК МАШИНЕРИ""",DELETE500
V10-00-00194041,"ООО ""КОМЕК МАШИНЕРИ""",DELETE500
V10-00-00194049,"ООО ""КОМЕК МАШИНЕРИ""",DELETE500
V10-00-00194059,"ООО ""КОМЕК МАШИНЕРИ""",DELETE500
V10-00-00194063,"ООО ""КОМЕК МАШИНЕРИ""",DELETE500
V10-00-00194085,"ООО ""КОМЕК МАШИНЕРИ""",DELETE500
V10-00-00194121,"ООО ""КОМЕК МАШИНЕРИ""",DELETE500
V10-00-00194122,"ООО ""КОМЕК МАШИНЕРИ""",DELETE500
V10-00-00194152,"ООО ""КОМЕК МАШИНЕРИ""",DELETE500
V10-00-00194157,"ООО ""КОМЕК МАШИНЕРИ""",DELETE500
V10-00-00194179,"ООО ""КОМЕК МАШИНЕРИ""",DELETE500
V10-00-00194189,"ООО ""КОМЕК МАШИНЕРИ""",DELETE500
V10-00-00194204,"ООО ""КОМЕК МАШИНЕРИ""",DELETE500
V10-00-00194225,"ООО ""КОМЕК МАШИНЕРИ""",DELETE500
V10-00-00194239,"ООО ""КОМЕК МАШИНЕРИ""",DELETE500
V10-00-00194240,"ООО ""КОМЕК МАШИНЕРИ""",DELETE500
V10-00-00194258,"ООО ""КОМЕК МАШИНЕРИ""",DELETE500
V10-00-00194259,"ООО ""КОМЕК МАШИНЕРИ""",DELETE500
V10-00-00194269,"ООО ""КОМЕК МАШИНЕРИ""",DELETE500
V10-00-00194277,"ООО ""КОМЕК МАШИНЕРИ""",DELETE500
V10-00-00194281,"ООО ""КОМЕК МАШИНЕРИ""",DELETE500
V10-00-00194325,"ООО ""КОМЕК МАШИНЕРИ""",DELETE500
V10-00-00194339,"ООО ""КОМЕК МАШИНЕРИ""",DELETE500
V10-00-00194368,"ООО ""КОМЕК МАШИНЕРИ""",DELETE500
V10-00-00194380,"ООО ""КОМЕК МАШИНЕРИ""",DELETE500
V10-00-00194400,"ООО ""КОМЕК МАШИНЕРИ""",DELETE500
V10-00-00194405,"ООО ""КОМЕК МАШИНЕРИ""",DELETE500
V10-00-00194408,"ООО ""КОМЕК МАШИНЕРИ""",DELETE500
V10-00-00194419,"ООО ""КОМЕК МАШИНЕРИ""",DELETE500
V10-00-00194424,"ООО ""КОМЕК МАШИНЕРИ""",DELETE500
V10-00-00194428,"ООО ""КОМЕК МАШИНЕРИ""",DELETE500
V10-00-00194452,"ООО ""КОМЕК МАШИНЕРИ""",DELETE500
V10-00-00194453,"ООО ""КОМЕК МАШИНЕРИ""",DELETE500
V10-00-00194464,"ООО ""КОМЕК МАШИНЕРИ""",DELETE500
V10-00-00194477,"ООО ""КОМЕК МАШИНЕРИ""",DELETE500
V10-00-00194482,"ООО ""КОМЕК МАШИНЕРИ""",DELETE500
V10-00-00194483,"ООО ""КОМЕК МАШИНЕРИ""",DELETE500
V10-00-00194485,"ООО ""КОМЕК МАШИНЕРИ""",DELETE500
V10-00-00194487,"ООО ""КОМЕК МАШИНЕРИ""",DELETE500
V10-00-00194490,"ООО ""КОМЕК МАШИНЕРИ""",DELETE500
V10-00-00194491,"ООО ""КОМЕК МАШИНЕРИ""",DELETE500
V10-00-00194492,"ООО ""КОМЕК МАШИНЕРИ""",DELETE500
V10-00-00194504,"ООО ""КОМЕК МАШИНЕРИ""",DELETE500
V10-00-00194505,"ООО ""КОМЕК МАШИНЕРИ""",DELETE500
V10-00-00194508,"ООО ""КОМЕК МАШИНЕРИ""",DELETE500
V10-00-00194510,"ООО ""КОМЕК МАШИНЕРИ""",DELETE500
V10-00-00194525,"ООО ""КОМЕК МАШИНЕРИ""",DELETE500
V10-00-00194535,"ООО ""КОМЕК МАШИНЕРИ""",DELETE500
V10-00-00194549,"ООО ""КОМЕК МАШИНЕРИ""",DELETE500
V10-00-00194554,"ООО ""КОМЕК МАШИНЕРИ""",DELETE500
V10-00-00194576,"ООО ""КОМЕК МАШИНЕРИ""",DELETE500
V10-00-00194580,"ООО ""КОМЕК МАШИНЕРИ""",DELETE500
V10-00-00194605,"ООО ""КОМЕК МАШИНЕРИ""",DELETE500
V10-00-00194606,"ООО ""КОМЕК МАШИНЕРИ""",DELETE500
V10-00-00194608,"ООО ""КОМЕК МАШИНЕРИ""",DELETE500
V10-00-00194609,"ООО ""КОМЕК МАШИНЕРИ""",DELETE500
V10-00-00194610,"ООО ""КОМЕК МАШИНЕРИ""",DELETE500
V10-00-00194614,"ООО ""КОМЕК МАШИНЕРИ""",DELETE500
V10-00-00194639,"ООО ""КОМЕК МАШИНЕРИ""",DELETE500
V10-00-00194644,"ООО ""КОМЕК МАШИНЕРИ""",DELETE500
V10-00-00194652,"ООО ""КОМЕК МАШИНЕРИ""",DELETE500
V10-00-00194655,"ООО ""КОМЕК МАШИНЕРИ""",DELETE500
V10-00-00194656,"ООО ""КОМЕК МАШИНЕРИ""",DELETE500
V10-00-00194683,"ООО ""КОМЕК МАШИНЕРИ""",DELETE500
V10-00-00194707,"ООО ""КОМЕК МАШИНЕРИ""",DELETE500
V10-00-00194708,"ООО ""КОМЕК МАШИНЕРИ""",DELETE500
V10-00-00194730,"ООО ""КОМЕК МАШИНЕРИ""",DELETE500
V10-00-00194739,"ООО ""КОМЕК МАШИНЕРИ""",DELETE500
V10-00-00194768,"ООО ""КОМЕК МАШИНЕРИ""",DELETE500
V10-00-00194773,"ООО ""КОМЕК МАШИНЕРИ""",DELETE500
V10-00-00194785,"ООО ""КОМЕК МАШИНЕРИ""",DELETE500
V10-00-00194786,"ООО ""КОМЕК МАШИНЕРИ""",DELETE500
V10-00-00194789,"ООО ""КОМЕК МАШИНЕРИ""",DELETE500
V10-00-00194832,"ООО ""КОМЕК МАШИНЕРИ""",DELETE500
V10-00-00194851,"ООО ""КОМЕК МАШИНЕРИ""",DELETE500
V10-00-00194888,"ООО ""КОМЕК МАШИНЕРИ""",DELETE500
V10-00-00194892,"ООО ""КОМЕК МАШИНЕРИ""",DELETE500
V10-00-00194894,"ООО ""КОМЕК МАШИНЕРИ""",DELETE500
V10-00-00194900,"ООО ""КОМЕК МАШИНЕРИ""",DELETE500
V10-00-00194917,"ООО ""КОМЕК МАШИНЕРИ""",DELETE500
V10-00-00194926,"ООО ""КОМЕК МАШИНЕРИ""",DELETE500
V10-00-00194948,"ООО ""КОМЕК МАШИНЕРИ""",DELETE500
V10-00-00194957,"ООО ""КОМЕК МАШИНЕРИ""",DELETE500
V10-00-00195007,"ООО ""КОМЕК МАШИНЕРИ""",DELETE500
V10-00-00195028,"ООО ""КОМЕК МАШИНЕРИ""",DELETE500
V10-00-00195044,"ООО ""КОМЕК МАШИНЕРИ""",DELETE500
V10-00-00195047,"ООО ""КОМЕК МАШИНЕРИ""",DELETE500
V10-00-00195049,"ООО ""КОМЕК МАШИНЕРИ""",DELETE500
V10-00-00195054,"ООО ""КОМЕК МАШИНЕРИ""",DELETE500
V10-00-00195060,"ООО ""КОМЕК МАШИНЕРИ""",DELETE500
V10-00-00195062,"ООО ""КОМЕК МАШИНЕРИ""",DELETE1000
V10-00-00195065,"ООО ""КОМЕК МАШИНЕРИ""",DELETE1000
V10-00-00195077,"ООО ""КОМЕК МАШИНЕРИ""",DELETE1000
V10-00-00195080,"ООО ""КОМЕК МАШИНЕРИ""",DELETE1000
V10-00-00195108,"ООО ""КОМЕК МАШИНЕРИ""",DELETE1000
V10-00-00195110,"ООО ""КОМЕК МАШИНЕРИ""",DELETE1000
V10-00-00195114,"ООО ""КОМЕК МАШИНЕРИ""",DELETE1000
V10-00-00195157,"ООО ""КОМЕК МАШИНЕРИ""",DELETE1000
V10-00-00195166,"ООО ""КОМЕК МАШИНЕРИ""",DELETE1000
V10-00-00195167,"ООО ""КОМЕК МАШИНЕРИ""",DELETE1000
V10-00-00195173,"ООО ""КОМЕК МАШИНЕРИ""",DELETE1000
V10-00-00195176,"ООО ""КОМЕК МАШИНЕРИ""",DELETE1000
V10-00-00195191,"ООО ""КОМЕК МАШИНЕРИ""",DELETE1000
V10-00-00195195,"ООО ""КОМЕК МАШИНЕРИ""",DELETE1000
V10-00-00195199,"ООО ""КОМЕК МАШИНЕРИ""",DELETE1000
V10-00-00195222,"ООО ""КОМЕК МАШИНЕРИ""",DELETE1000
V10-00-00195227,"ООО ""КОМЕК МАШИНЕРИ""",DELETE1000
V10-00-00195236,"ООО ""КОМЕК МАШИНЕРИ""",DELETE1000
V10-00-00195237,"ООО ""КОМЕК МАШИНЕРИ""",DELETE1000
V10-00-00195238,"ООО ""КОМЕК МАШИНЕРИ""",DELETE1000
V10-00-00195270,"ООО ""КОМЕК МАШИНЕРИ""",DELETE1000
V10-00-00195338,"ООО ""КОМЕК МАШИНЕРИ""",DELETE1000
V10-00-00195367,"ООО ""КОМЕК МАШИНЕРИ""",DELETE1000
V10-00-00195462,"ООО ""КОМЕК МАШИНЕРИ""",DELETE1000
V10-00-00195469,"ООО ""КОМЕК МАШИНЕРИ""",DELETE1000
V10-00-00195487,"ООО ""КОМЕК МАШИНЕРИ""",DELETE1000
V10-00-00195497,"ООО ""КОМЕК МАШИНЕРИ""",DELETE1000
V10-00-00195506,"ООО ""КОМЕК МАШИНЕРИ""",DELETE1000
V10-00-00195513,"ООО ""КОМЕК МАШИНЕРИ""",DELETE1000
V10-00-00195544,"ООО ""КОМЕК МАШИНЕРИ""",DELETE1000
V10-00-00195550,"ООО ""КОМЕК МАШИНЕРИ""",DELETE1000
V10-00-00195557,"ООО ""КОМЕК МАШИНЕРИ""",DELETE1000
V10-00-00195560,"ООО ""КОМЕК МАШИНЕРИ""",DELETE1000
V10-00-00195581,"ООО ""КОМЕК МАШИНЕРИ""",DELETE1000
V10-00-00195582,"ООО ""КОМЕК МАШИНЕРИ""",DELETE1000
V10-00-00195626,"ООО ""КОМЕК МАШИНЕРИ""",DELETE1000
V10-00-00195645,"ООО ""КОМЕК МАШИНЕРИ""",DELETE1000
V10-00-00195661,"ООО ""КОМЕК МАШИНЕРИ""",DELETE1000
V10-00-00195683,"ООО ""КОМЕК МАШИНЕРИ""",DELETE1000
V10-00-00195688,"ООО ""КОМЕК МАШИНЕРИ""",DELETE1000
V10-00-00195696,"ООО ""КОМЕК МАШИНЕРИ""",DELETE1000
V10-00-00195711,"ООО ""КОМЕК МАШИНЕРИ""",DELETE1000
V10-00-00195712,"ООО ""КОМЕК МАШИНЕРИ""",DELETE1000
V10-00-00195715,"ООО ""КОМЕК МАШИНЕРИ""",DELETE1000
V10-00-00195716,"ООО ""КОМЕК МАШИНЕРИ""",DELETE1000
V10-00-00195718,"ООО ""КОМЕК МАШИНЕРИ""",DELETE1000
V10-00-00195728,"ООО ""КОМЕК МАШИНЕРИ""",DELETE1000
V10-00-00195737,"ООО ""КОМЕК МАШИНЕРИ""",DELETE1000
V10-00-00195753,"ООО ""КОМЕК МАШИНЕРИ""",DELETE1000
V10-00-00195762,"ООО ""КОМЕК МАШИНЕРИ""",DELETE1000
V10-00-00195840,"ООО ""КОМЕК МАШИНЕРИ""",DELETE1000
V10-00-00195857,"ООО ""КОМЕК МАШИНЕРИ""",DELETE1000
V10-00-00195860,"ООО ""КОМЕК МАШИНЕРИ""",DELETE1000
V10-00-00195866,"ООО ""КОМЕК МАШИНЕРИ""",DELETE1000
V10-00-00195894,"ООО ""КОМЕК МАШИНЕРИ""",DELETE1000
V10-00-00195921,"ООО ""КОМЕК МАШИНЕРИ""",DELETE1000
V10-00-00195926,"ООО ""КОМЕК МАШИНЕРИ""",DELETE1000
V10-00-00195944,"ООО ""КОМЕК МАШИНЕРИ""",DELETE1000
V10-00-00195966,"ООО ""КОМЕК МАШИНЕРИ""",DELETE1000
V10-00-00195969,"ООО ""КОМЕК МАШИНЕРИ""",DELETE1000
V10-00-00195977,"ООО ""КОМЕК МАШИНЕРИ""",DELETE1000
V10-00-00195978,"ООО ""КОМЕК МАШИНЕРИ""",DELETE1000
V10-00-00195981,"ООО ""КОМЕК МАШИНЕРИ""",DELETE1000
V10-00-00196021,"ООО ""КОМЕК МАШИНЕРИ""",DELETE1000
V10-00-00196038,"ООО ""КОМЕК МАШИНЕРИ""",DELETE1000
V10-00-00196040,"ООО ""КОМЕК МАШИНЕРИ""",DELETE1000
V10-00-00196060,"ООО ""КОМЕК МАШИНЕРИ""",DELETE1000
V10-00-00196065,"ООО ""КОМЕК МАШИНЕРИ""",DELETE1000
V10-00-00196067,"ООО ""КОМЕК МАШИНЕРИ""",DELETE1000
V10-00-00196071,"ООО ""КОМЕК МАШИНЕРИ""",DELETE1000
V10-00-00196081,"ООО ""КОМЕК МАШИНЕРИ""",DELETE1000
V10-00-00196083,"ООО ""КОМЕК МАШИНЕРИ""",DELETE1000
V10-00-00196093,"ООО ""КОМЕК МАШИНЕРИ""",DELETE1000
V10-00-00196105,"ООО ""КОМЕК МАШИНЕРИ""",DELETE1000
V10-00-00196112,"ООО ""КОМЕК МАШИНЕРИ""",DELETE1000
V10-00-00196117,"ООО ""КОМЕК МАШИНЕРИ""",DELETE1000
V10-00-00196138,"ООО ""КОМЕК МАШИНЕРИ""",DELETE1000
V10-00-00196145,"ООО ""КОМЕК МАШИНЕРИ""",DELETE1000
V10-00-00196148,"ООО ""КОМЕК МАШИНЕРИ""",DELETE1000
V10-00-00196149,"ООО ""КОМЕК МАШИНЕРИ""",DELETE1000
V10-00-00196151,"ООО ""КОМЕК МАШИНЕРИ""",DELETE1000
V10-00-00196175,"ООО ""КОМЕК МАШИНЕРИ""",DELETE1000
V10-00-00196181,"ООО ""КОМЕК МАШИНЕРИ""",DELETE1000
V10-00-00196194,"ООО ""КОМЕК МАШИНЕРИ""",DELETE1000
V10-00-00196209,"ООО ""КОМЕК МАШИНЕРИ""",DELETE1000
V10-00-00196214,"ООО ""КОМЕК МАШИНЕРИ""",DELETE1000
V10-00-00196225,"ООО ""КОМЕК МАШИНЕРИ""",DELETE1000
V10-00-00196242,"ООО ""КОМЕК МАШИНЕРИ""",DELETE1000
V10-00-00196247,"ООО ""КОМЕК МАШИНЕРИ""",DELETE1000
V10-00-00196248,"ООО ""КОМЕК МАШИНЕРИ""",DELETE1000
V10-00-00196253,"ООО ""КОМЕК МАШИНЕРИ""",DELETE1000
V10-00-00196261,"ООО ""КОМЕК МАШИНЕРИ""",DELETE1000
V10-00-00196263,"ООО ""КОМЕК МАШИНЕРИ""",DELETE1000
V10-00-00196266,"ООО ""КОМЕК МАШИНЕРИ""",DELETE1000
V10-00-00196267,"ООО ""КОМЕК МАШИНЕРИ""",DELETE1000
V10-00-00196314,"ООО ""КОМЕК МАШИНЕРИ""",DELETE1000
V10-00-00196326,"ООО ""КОМЕК МАШИНЕРИ""",DELETE1000
V10-00-00196327,"ООО ""КОМЕК МАШИНЕРИ""",DELETE1000
V10-00-00196330,"ООО ""КОМЕК МАШИНЕРИ""",DELETE1000
V10-00-00196331,"ООО ""КОМЕК МАШИНЕРИ""",DELETE1000
V10-00-00196363,"ООО ""КОМЕК МАШИНЕРИ""",DELETE1000
V10-00-00196388,"ООО ""КОМЕК МАШИНЕРИ""",DELETE1000
V10-00-00196409,"ООО ""КОМЕК МАШИНЕРИ""",DELETE1000
V10-00-00196410,"ООО ""КОМЕК МАШИНЕРИ""",DELETE1000
V10-00-00196417,"ООО ""КОМЕК МАШИНЕРИ""",DELETE1000
V10-00-00196424,"ООО ""КОМЕК МАШИНЕРИ""",DELETE1000
V10-00-00196428,"ООО ""КОМЕК МАШИНЕРИ""",DELETE1000
V10-00-00196457,"ООО ""КОМЕК МАШИНЕРИ""",DELETE1000
V10-00-00196464,"ООО ""КОМЕК МАШИНЕРИ""",DELETE1000
V10-00-00196474,"ООО ""КОМЕК МАШИНЕРИ""",DELETE1000
V10-00-00196478,"ООО ""КОМЕК МАШИНЕРИ""",DELETE1000
V10-00-00196491,"ООО ""КОМЕК МАШИНЕРИ""",DELETE1000
V10-00-00196500,"ООО ""КОМЕК МАШИНЕРИ""",DELETE1000
V10-00-00196508,"ООО ""КОМЕК МАШИНЕРИ""",DELETE1000
V10-00-00196510,"ООО ""КОМЕК МАШИНЕРИ""",DELETE1000
V10-00-00196515,"ООО ""КОМЕК МАШИНЕРИ""",DELETE1000
V10-00-00196516,"ООО ""КОМЕК МАШИНЕРИ""",DELETE1000
V10-00-00196530,"ООО ""КОМЕК МАШИНЕРИ""",DELETE1000
V10-00-00196535,"ООО ""КОМЕК МАШИНЕРИ""",DELETE1000
V10-00-00196542,"ООО ""КОМЕК МАШИНЕРИ""",DELETE1000
V10-00-00196543,"ООО ""КОМЕК МАШИНЕРИ""",DELETE1000
V10-00-00196546,"ООО ""КОМЕК МАШИНЕРИ""",DELETE1000
V10-00-00196548,"ООО ""КОМЕК МАШИНЕРИ""",DELETE1000
V10-00-00196552,"ООО ""КОМЕК МАШИНЕРИ""",DELETE1000
V10-00-00196587,"ООО ""КОМЕК МАШИНЕРИ""",DELETE1000
V10-00-00196591,"ООО ""КОМЕК МАШИНЕРИ""",DELETE1000
V10-00-00196600,"ООО ""КОМЕК МАШИНЕРИ""",DELETE1000
V10-00-00196601,"ООО ""КОМЕК МАШИНЕРИ""",DELETE1000
V10-00-00196606,"ООО ""КОМЕК МАШИНЕРИ""",DELETE1000
V10-00-00196607,"ООО ""КОМЕК МАШИНЕРИ""",DELETE1000
V10-00-00196608,"ООО ""КОМЕК МАШИНЕРИ""",DELETE1000
V10-00-00196611,"ООО ""КОМЕК МАШИНЕРИ""",DELETE1000
V10-00-00196628,"ООО ""КОМЕК МАШИНЕРИ""",DELETE1000
V10-00-00196651,"ООО ""КОМЕК МАШИНЕРИ""",DELETE1000
V10-00-00196700,"ООО ""КОМЕК МАШИНЕРИ""",DELETE1000
V10-00-00196709,"ООО ""КОМЕК МАШИНЕРИ""",DELETE1000
V10-00-00196719,"ООО ""КОМЕК МАШИНЕРИ""",DELETE1000
V10-00-00196720,"ООО ""КОМЕК МАШИНЕРИ""",DELETE1000
V10-00-00196723,"ООО ""КОМЕК МАШИНЕРИ""",DELETE1000
V10-00-00196724,"ООО ""КОМЕК МАШИНЕРИ""",DELETE1000
V10-00-00196726,"ООО ""КОМЕК МАШИНЕРИ""",DELETE1000
V10-00-00196732,"ООО ""КОМЕК МАШИНЕРИ""",DELETE1000
V10-00-00196740,"ООО ""КОМЕК МАШИНЕРИ""",DELETE1000
V10-00-00196742,"ООО ""КОМЕК МАШИНЕРИ""",DELETE1000
V10-00-00196745,"ООО ""КОМЕК МАШИНЕРИ""",DELETE1000
V10-00-00196761,"ООО ""КОМЕК МАШИНЕРИ""",DELETE1000
V10-00-00196763,"ООО ""КОМЕК МАШИНЕРИ""",DELETE1000
V10-00-00196764,"ООО ""КОМЕК МАШИНЕРИ""",DELETE1000
V10-00-00196769,"ООО ""КОМЕК МАШИНЕРИ""",DELETE1000
V10-00-00196773,"ООО ""КОМЕК МАШИНЕРИ""",DELETE1000
V10-00-00196786,"ООО ""КОМЕК МАШИНЕРИ""",DELETE1000
V10-00-00196799,"ООО ""КОМЕК МАШИНЕРИ""",DELETE1000
V10-00-00196803,"ООО ""КОМЕК МАШИНЕРИ""",DELETE1000
V10-00-00196808,"ООО ""КОМЕК МАШИНЕРИ""",DELETE1000
V10-00-00196834,"ООО ""КОМЕК МАШИНЕРИ""",DELETE1000
V10-00-00196841,"ООО ""КОМЕК МАШИНЕРИ""",DELETE1000
V10-00-00196862,"ООО ""КОМЕК МАШИНЕРИ""",DELETE1000
V10-00-00196868,"ООО ""КОМЕК МАШИНЕРИ""",DELETE1000
V10-00-00196877,"ООО ""КОМЕК МАШИНЕРИ""",DELETE1000
V10-00-00196884,"ООО ""КОМЕК МАШИНЕРИ""",DELETE1000
V10-00-00196890,"ООО ""КОМЕК МАШИНЕРИ""",DELETE1000
V10-00-00196892,"ООО ""КОМЕК МАШИНЕРИ""",DELETE1000
V10-00-00196894,"ООО ""КОМЕК МАШИНЕРИ""",DELETE1000
V10-00-00196897,"ООО ""КОМЕК МАШИНЕРИ""",DELETE1000
V10-00-00196911,"ООО ""КОМЕК МАШИНЕРИ""",DELETE1000
V10-00-00196914,"ООО ""КОМЕК МАШИНЕРИ""",DELETE1000
V10-00-00196923,"ООО ""КОМЕК МАШИНЕРИ""",DELETE1000
V10-00-00196925,"ООО ""КОМЕК МАШИНЕРИ""",DELETE1000
V10-00-00196933,"ООО ""КОМЕК МАШИНЕРИ""",DELETE1000
V10-00-00196936,"ООО ""КОМЕК МАШИНЕРИ""",DELETE1000
V10-00-00196954,"ООО ""КОМЕК МАШИНЕРИ""",DELETE1000
V10-00-00196957,"ООО ""КОМЕК МАШИНЕРИ""",DELETE1000
V10-00-00196959,"ООО ""КОМЕК МАШИНЕРИ""",DELETE1000
V10-00-00196963,"ООО ""КОМЕК МАШИНЕРИ""",DELETE1000
V10-00-00196965,"ООО ""КОМЕК МАШИНЕРИ""",DELETE1000
V10-00-00196966,"ООО ""КОМЕК МАШИНЕРИ""",DELETE1000
V10-00-00196969,"ООО ""КОМЕК МАШИНЕРИ""",DELETE1000
V10-00-00196973,"ООО ""КОМЕК МАШИНЕРИ""",DELETE1000
V10-00-00197030,"ООО ""КОМЕК МАШИНЕРИ""",DELETE1000
V10-00-00197044,"ООО ""КОМЕК МАШИНЕРИ""",DELETE1000
V10-00-00197045,"ООО ""КОМЕК МАШИНЕРИ""",DELETE1000
V10-00-00197059,"ООО ""КОМЕК МАШИНЕРИ""",DELETE1000
V10-00-00197068,"ООО ""КОМЕК МАШИНЕРИ""",DELETE1000
V10-00-00197084,"ООО ""КОМЕК МАШИНЕРИ""",DELETE1000
V10-00-00197087,"ООО ""КОМЕК МАШИНЕРИ""",DELETE1000
V10-00-00197113,"ООО ""КОМЕК МАШИНЕРИ""",DELETE1000
V10-00-00197136,"ООО ""КОМЕК МАШИНЕРИ""",DELETE1000
V10-00-00197167,"ООО ""КОМЕК МАШИНЕРИ""",DELETE1000
V10-00-00197182,"ООО ""КОМЕК МАШИНЕРИ""",DELETE1000
V10-00-00197228,"ООО ""КОМЕК МАШИНЕРИ""",DELETE1000
V10-00-00197248,"ООО ""КОМЕК МАШИНЕРИ""",DELETE1000
V10-00-00197267,"ООО ""КОМЕК МАШИНЕРИ""",DELETE1000
V10-00-00197343,"ООО ""КОМЕК МАШИНЕРИ""",DELETE1000
V10-00-00197348,"ООО ""КОМЕК МАШИНЕРИ""",DELETE1000
V10-00-00197354,"ООО ""КОМЕК МАШИНЕРИ""",DELETE1000
V10-00-00197366,"ООО ""КОМЕК МАШИНЕРИ""",DELETE1000
V10-00-00197414,"ООО ""КОМЕК МАШИНЕРИ""",DELETE1000
V10-00-00197433,"ООО ""КОМЕК МАШИНЕРИ""",DELETE1000
V10-00-00197445,"ООО ""КОМЕК МАШИНЕРИ""",DELETE1000
V10-00-00197453,"ООО ""КОМЕК МАШИНЕРИ""",DELETE1000
V10-00-00197457,"ООО ""КОМЕК МАШИНЕРИ""",DELETE1000
V10-00-00197474,"ООО ""КОМЕК МАШИНЕРИ""",DELETE1000
V10-00-00197488,"ООО ""КОМЕК МАШИНЕРИ""",DELETE1000
V10-00-00197492,"ООО ""КОМЕК МАШИНЕРИ""",DELETE1000
V10-00-00197506,"ООО ""КОМЕК МАШИНЕРИ""",DELETE1000
V10-00-00197530,"ООО ""КОМЕК МАШИНЕРИ""",DELETE1000
V10-00-00197571,"ООО ""КОМЕК МАШИНЕРИ""",DELETE1000
V10-00-00197576,"ООО ""КОМЕК МАШИНЕРИ""",DELETE1000
V10-00-00197603,"ООО ""КОМЕК МАШИНЕРИ""",DELETE1000
V10-00-00197609,"ООО ""КОМЕК МАШИНЕРИ""",DELETE1000
V10-00-00197641,"ООО ""КОМЕК МАШИНЕРИ""",DELETE1000
V10-00-00197645,"ООО ""КОМЕК МАШИНЕРИ""",DELETE1000
V10-00-00197652,"ООО ""КОМЕК МАШИНЕРИ""",DELETE1000
V10-00-00197655,"ООО ""КОМЕК МАШИНЕРИ""",DELETE1000
V10-00-00197692,"ООО ""КОМЕК МАШИНЕРИ""",DELETE1000
V10-00-00197697,"ООО ""КОМЕК МАШИНЕРИ""",DELETE1000
V10-00-00197701,"ООО ""КОМЕК МАШИНЕРИ""",DELETE1000
V10-00-00197711,"ООО ""КОМЕК МАШИНЕРИ""",DELETE1000
V10-00-00197762,"ООО ""КОМЕК МАШИНЕРИ""",DELETE1000
V10-00-00197764,"ООО ""КОМЕК МАШИНЕРИ""",DELETE1000
V10-00-00197771,"ООО ""КОМЕК МАШИНЕРИ""",DELETE1000
V10-00-00197788,"ООО ""КОМЕК МАШИНЕРИ""",DELETE1000
V10-00-00197810,"ООО ""КОМЕК МАШИНЕРИ""",DELETE1000
V10-00-00197828,"ООО ""КОМЕК МАШИНЕРИ""",DELETE1000
V10-00-00197839,"ООО ""КОМЕК МАШИНЕРИ""",DELETE1000
V10-00-00197843,"ООО ""КОМЕК МАШИНЕРИ""",DELETE1000
V10-00-00197849,"ООО ""КОМЕК МАШИНЕРИ""",DELETE1000
V10-00-00197877,"ООО ""КОМЕК МАШИНЕРИ""",DELETE1000
V10-00-00197885,"ООО ""КОМЕК МАШИНЕРИ""",DELETE1000
V10-00-00197905,"ООО ""КОМЕК МАШИНЕРИ""",DELETE1000
V10-00-00197910,"ООО ""КОМЕК МАШИНЕРИ""",DELETE1000
V10-00-00197915,"ООО ""КОМЕК МАШИНЕРИ""",DELETE1000
V10-00-00197929,"ООО ""КОМЕК МАШИНЕРИ""",DELETE1000
V10-00-00197968,"ООО ""КОМЕК МАШИНЕРИ""",DELETE1000
V10-00-00197975,"ООО ""КОМЕК МАШИНЕРИ""",DELETE1000
V10-00-00197991,"ООО ""КОМЕК МАШИНЕРИ""",DELETE1000
V10-00-00197992,"ООО ""КОМЕК МАШИНЕРИ""",DELETE1000
V10-00-00197993,"ООО ""КОМЕК МАШИНЕРИ""",DELETE1000
V10-00-00197994,"ООО ""КОМЕК МАШИНЕРИ""",DELETE1000
V10-00-00197999,"ООО ""КОМЕК МАШИНЕРИ""",DELETE1000
V10-00-00198003,"ООО ""КОМЕК МАШИНЕРИ""",DELETE1000
V10-00-00198091,"ООО ""КОМЕК МАШИНЕРИ""",DELETE1000
V10-00-00198092,"ООО ""КОМЕК МАШИНЕРИ""",DELETE1000
V10-00-00198101,"ООО ""КОМЕК МАШИНЕРИ""",DELETE1000
V10-00-00198105,"ООО ""КОМЕК МАШИНЕРИ""",DELETE1000
V10-00-00198110,"ООО ""КОМЕК МАШИНЕРИ""",DELETE1000
V10-00-00198122,"ООО ""КОМЕК МАШИНЕРИ""",DELETE1000
V10-00-00198138,"ООО ""КОМЕК МАШИНЕРИ""",DELETE1000
V10-00-00198140,"ООО ""КОМЕК МАШИНЕРИ""",DELETE1000
V10-00-00198144,"ООО ""КОМЕК МАШИНЕРИ""",DELETE1000
V10-00-00198151,"ООО ""КОМЕК МАШИНЕРИ""",DELETE1000
V10-00-00198175,"ООО ""КОМЕК МАШИНЕРИ""",DELETE1000
V10-00-00198200,"ООО ""КОМЕК МАШИНЕРИ""",DELETE1000
V10-00-00198202,"ООО ""КОМЕК МАШИНЕРИ""",DELETE1000
V10-00-00198208,"ООО ""КОМЕК МАШИНЕРИ""",DELETE1000
V10-00-00198209,"ООО ""КОМЕК МАШИНЕРИ""",DELETE1000
V10-00-00198222,"ООО ""КОМЕК МАШИНЕРИ""",DELETE1000
V10-00-00198243,"ООО ""КОМЕК МАШИНЕРИ""",DELETE1000
V10-00-00198245,"ООО ""КОМЕК МАШИНЕРИ""",DELETE1000
V10-00-00198249,"ООО ""КОМЕК МАШИНЕРИ""",DELETE1000
V10-00-00198266,"ООО ""КОМЕК МАШИНЕРИ""",DELETE1000
V10-00-00198267,"ООО ""КОМЕК МАШИНЕРИ""",DELETE1000
V10-00-00198269,"ООО ""КОМЕК МАШИНЕРИ""",DELETE1000
V10-00-00198274,"ООО ""КОМЕК МАШИНЕРИ""",DELETE1000
V10-00-00198275,"ООО ""КОМЕК МАШИНЕРИ""",DELETE1000
V10-00-00198285,"ООО ""КОМЕК МАШИНЕРИ""",DELETE1000
V10-00-00198287,"ООО ""КОМЕК МАШИНЕРИ""",DELETE1000
V10-00-00198288,"ООО ""КОМЕК МАШИНЕРИ""",DELETE1000
V10-00-00198289,"ООО ""КОМЕК МАШИНЕРИ""",DELETE1000
V10-00-00198299,"ООО ""КОМЕК МАШИНЕРИ""",DELETE1000
V10-00-00198307,"ООО ""КОМЕК МАШИНЕРИ""",DELETE1000
V10-00-00198308,"ООО ""КОМЕК МАШИНЕРИ""",DELETE1000
V10-00-00198316,"ООО ""КОМЕК МАШИНЕРИ""",DELETE1000
V10-00-00198324,"ООО ""КОМЕК МАШИНЕРИ""",DELETE1000
V10-00-00198326,"ООО ""КОМЕК МАШИНЕРИ""",DELETE1000
V10-00-00198330,"ООО ""КОМЕК МАШИНЕРИ""",DELETE1000
V10-00-00198331,"ООО ""КОМЕК МАШИНЕРИ""",DELETE1000
V10-00-00198338,"ООО ""КОМЕК МАШИНЕРИ""",DELETE1000
V10-00-00198362,"ООО ""КОМЕК МАШИНЕРИ""",DELETE1000
V10-00-00198365,"ООО ""КОМЕК МАШИНЕРИ""",DELETE1000
V10-00-00198368,"ООО ""КОМЕК МАШИНЕРИ""",DELETE1000
V10-00-00198381,"ООО ""КОМЕК МАШИНЕРИ""",DELETE1000
V10-00-00198388,"ООО ""КОМЕК МАШИНЕРИ""",DELETE1000
V10-00-00198395,"ООО ""КОМЕК МАШИНЕРИ""",DELETE1000
V10-00-00198401,"ООО ""КОМЕК МАШИНЕРИ""",DELETE1000
V10-00-00198410,"ООО ""КОМЕК МАШИНЕРИ""",DELETE1000
V10-00-00198431,"ООО ""КОМЕК МАШИНЕРИ""",DELETE1000
V10-00-00198433,"ООО ""КОМЕК МАШИНЕРИ""",DELETE1000
V10-00-00198438,"ООО ""КОМЕК МАШИНЕРИ""",DELETE1000
V10-00-00198443,"ООО ""КОМЕК МАШИНЕРИ""",DELETE1000
V10-00-00198444,"ООО ""КОМЕК МАШИНЕРИ""",DELETE1000
V10-00-00198468,"ООО ""КОМЕК МАШИНЕРИ""",DELETE1000
V10-00-00198479,"ООО ""КОМЕК МАШИНЕРИ""",DELETE1000
V10-00-00198495,"ООО ""КОМЕК МАШИНЕРИ""",DELETE1000
V10-00-00198509,"ООО ""КОМЕК МАШИНЕРИ""",DELETE1000
V10-00-00198540,"ООО ""КОМЕК МАШИНЕРИ""",DELETE1000
V10-00-00198551,"ООО ""КОМЕК МАШИНЕРИ""",DELETE1000
V10-00-00198564,"ООО ""КОМЕК МАШИНЕРИ""",DELETE1000
V10-00-00198572,"ООО ""КОМЕК МАШИНЕРИ""",DELETE1000
V10-00-00198573,"ООО ""КОМЕК МАШИНЕРИ""",DELETE1000
V10-00-00198576,"ООО ""КОМЕК МАШИНЕРИ""",DELETE1000
V10-00-00198587,"ООО ""КОМЕК МАШИНЕРИ""",DELETE1000
V10-00-00198632,"ООО ""КОМЕК МАШИНЕРИ""",DELETE1000
V10-00-00198653,"ООО ""КОМЕК МАШИНЕРИ""",DELETE1000
V10-00-00198656,"ООО ""КОМЕК МАШИНЕРИ""",DELETE1000
V10-00-00198661,"ООО ""КОМЕК МАШИНЕРИ""",DELETE1000
V10-00-00198672,"ООО ""КОМЕК МАШИНЕРИ""",DELETE1000
V10-00-00198698,"ООО ""КОМЕК МАШИНЕРИ""",DELETE1000
V10-00-00198700,"ООО ""КОМЕК МАШИНЕРИ""",DELETE1000
V10-00-00198719,"ООО ""КОМЕК МАШИНЕРИ""",DELETE1000
V10-00-00198751,"ООО ""КОМЕК МАШИНЕРИ""",DELETE1000
V10-00-00198760,"ООО ""КОМЕК МАШИНЕРИ""",DELETE1000
V10-00-00198766,"ООО ""КОМЕК МАШИНЕРИ""",DELETE1000
V10-00-00198776,"ООО ""КОМЕК МАШИНЕРИ""",DELETE1000
V10-00-00198792,"ООО ""КОМЕК МАШИНЕРИ""",DELETE1000
V10-00-00198806,"ООО ""КОМЕК МАШИНЕРИ""",DELETE1000
V10-00-00198825,"ООО ""КОМЕК МАШИНЕРИ""",DELETE1000
V10-00-00198834,"ООО ""КОМЕК МАШИНЕРИ""",DELETE1000
V10-00-00198856,"ООО ""КОМЕК МАШИНЕРИ""",DELETE1000
V10-00-00198875,"ООО ""КОМЕК МАШИНЕРИ""",DELETE1000
V10-00-00198879,"ООО ""КОМЕК МАШИНЕРИ""",DELETE1000
V10-00-00198907,"ООО ""КОМЕК МАШИНЕРИ""",DELETE1000
V10-00-00198947,"ООО ""КОМЕК МАШИНЕРИ""",DELETE1000
V10-00-00198971,"ООО ""КОМЕК МАШИНЕРИ""",DELETE1000
V10-00-00198992,"ООО ""КОМЕК МАШИНЕРИ""",DELETE1000
V10-00-00199003,"ООО ""КОМЕК МАШИНЕРИ""",DELETE1000
V10-00-00199008,"ООО ""КОМЕК МАШИНЕРИ""",DELETE1000
V10-00-00199024,"ООО ""КОМЕК МАШИНЕРИ""",DELETE1000
V10-00-00199122,"ООО ""КОМЕК МАШИНЕРИ""",DELETE1000
V10-00-00199133,"ООО ""КОМЕК МАШИНЕРИ""",DELETE1000
V10-00-00199158,"ООО ""КОМЕК МАШИНЕРИ""",DELETE1000
V10-00-00199173,"ООО ""КОМЕК МАШИНЕРИ""",DELETE1000
V10-00-00199193,"ООО ""КОМЕК МАШИНЕРИ""",DELETE1000
V10-00-00199199,"ООО ""КОМЕК МАШИНЕРИ""",DELETE1000
V10-00-00199205,"ООО ""КОМЕК МАШИНЕРИ""",DELETE1000
V10-00-00199212,"ООО ""КОМЕК МАШИНЕРИ""",DELETE1000
V10-00-00199213,"ООО ""КОМЕК МАШИНЕРИ""",DELETE1000
V10-00-00199221,"ООО ""КОМЕК МАШИНЕРИ""",DELETE1000
V10-00-00199222,"ООО ""КОМЕК МАШИНЕРИ""",DELETE1000
V10-00-00199226,"ООО ""КОМЕК МАШИНЕРИ""",DELETE1000
V10-00-00199227,"ООО ""КОМЕК МАШИНЕРИ""",DELETE1000
V10-00-00199263,"ООО ""КОМЕК МАШИНЕРИ""",DELETE1000
V10-00-00199267,"ООО ""КОМЕК МАШИНЕРИ""",DELETE1000
V10-00-00199301,"ООО ""КОМЕК МАШИНЕРИ""",DELETE1000
V10-00-00199314,"ООО ""КОМЕК МАШИНЕРИ""",DELETE1000
V10-00-00199345,"ООО ""КОМЕК МАШИНЕРИ""",DELETE1000
V10-00-00199351,"ООО ""КОМЕК МАШИНЕРИ""",DELETE1000
V10-00-00199365,"ООО ""КОМЕК МАШИНЕРИ""",DELETE1000
V10-00-00199367,"ООО ""КОМЕК МАШИНЕРИ""",DELETE1000
V10-00-00199414,"ООО ""КОМЕК МАШИНЕРИ""",DELETE1000
V10-00-00199426,"ООО ""КОМЕК МАШИНЕРИ""",DELETE1000
V10-00-00199477,"ООО ""КОМЕК МАШИНЕРИ""",DELETE1000
V10-00-00199480,"ООО ""КОМЕК МАШИНЕРИ""",DELETE1000
V10-00-00199491,"ООО ""КОМЕК МАШИНЕРИ""",DELETE1000
V10-00-00199516,"ООО ""КОМЕК МАШИНЕРИ""",DELETE1000
V10-00-00199521,"ООО ""КОМЕК МАШИНЕРИ""",DELETE1000
V10-00-00199522,"ООО ""КОМЕК МАШИНЕРИ""",DELETE1000
V10-00-00199527,"ООО ""КОМЕК МАШИНЕРИ""",DELETE1000
V10-00-00199528,"ООО ""КОМЕК МАШИНЕРИ""",DELETE1000
V10-00-00199543,"ООО ""КОМЕК МАШИНЕРИ""",DELETE1000
V10-00-00199554,"ООО ""КОМЕК МАШИНЕРИ""",DELETE1000
V10-00-00199571,"ООО ""КОМЕК МАШИНЕРИ""",DELETE1000
V10-00-00199594,"ООО ""КОМЕК МАШИНЕРИ""",DELETE1000
V10-00-00199595,"ООО ""КОМЕК МАШИНЕРИ""",DELETE1000
V10-00-00199620,"ООО ""КОМЕК МАШИНЕРИ""",DELETE1000
V10-00-00199625,"ООО ""КОМЕК МАШИНЕРИ""",DELETE1000
V10-00-00199627,"ООО ""КОМЕК МАШИНЕРИ""",DELETE1000
V10-00-00199630,"ООО ""КОМЕК МАШИНЕРИ""",DELETE1000
V10-00-00199639,"ООО ""КОМЕК МАШИНЕРИ""",DELETE1000
V10-00-00199656,"ООО ""КОМЕК МАШИНЕРИ""",DELETE1000
V10-00-00199657,"ООО ""КОМЕК МАШИНЕРИ""",DELETE1000
V10-00-00199674,"ООО ""КОМЕК МАШИНЕРИ""",DELETE1000
V10-00-00199701,"ООО ""КОМЕК МАШИНЕРИ""",DELETE1000
V10-00-00199714,"ООО ""КОМЕК МАШИНЕРИ""",DELETE1000
V10-00-00199734,"ООО ""КОМЕК МАШИНЕРИ""",DELETE1000
V10-00-00199744,"ООО ""КОМЕК МАШИНЕРИ""",DELETE1000
V10-00-00199760,"ООО ""КОМЕК МАШИНЕРИ""",DELETE1000
V10-00-00199794,"ООО ""КОМЕК МАШИНЕРИ""",DELETE1000
V10-00-00199816,"ООО ""КОМЕК МАШИНЕРИ""",DELETE1000
V10-00-00199820,"ООО ""КОМЕК МАШИНЕРИ""",DELETE1000
V10-00-00199827,"ООО ""КОМЕК МАШИНЕРИ""",DELETE1000
V10-00-00199860,"ООО ""КОМЕК МАШИНЕРИ""",DELETE1000
V10-00-00199885,"ООО ""КОМЕК МАШИНЕРИ""",DELETE1000
V10-00-00199905,"ООО ""КОМЕК МАШИНЕРИ""",DELETE1000
V10-00-00199933,"ООО ""КОМЕК МАШИНЕРИ""",DELETE1000
V10-00-00199945,"ООО ""КОМЕК МАШИНЕРИ""",DELETE1000
V10-00-00199952,"ООО ""КОМЕК МАШИНЕРИ""",DELETE1000
V10-00-00199983,"ООО ""КОМЕК МАШИНЕРИ""",DELETE1000
V10-00-00200008,"ООО ""КОМЕК МАШИНЕРИ""",DELETE1000
V10-00-00200023,"ООО ""КОМЕК МАШИНЕРИ""",DELETE1000
V10-00-00200028,"ООО ""КОМЕК МАШИНЕРИ""",DELETE1000
V10-00-00200031,"ООО ""КОМЕК МАШИНЕРИ""",DELETE1000
V10-00-00200055,"ООО ""КОМЕК МАШИНЕРИ""",DELETE1000
V10-00-00200056,"ООО ""КОМЕК МАШИНЕРИ""",DELETE1000
V10-00-00200107,"ООО ""КОМЕК МАШИНЕРИ""",DELETE1000
V10-00-00200132,"ООО ""КОМЕК МАШИНЕРИ""",DELETE1000
V10-00-00200136,"ООО ""КОМЕК МАШИНЕРИ""",DELETE1000
V10-00-00200140,"ООО ""КОМЕК МАШИНЕРИ""",DELETE1000
V10-00-00200141,"ООО ""КОМЕК МАШИНЕРИ""",DELETE1000
V10-00-00200146,"ООО ""КОМЕК МАШИНЕРИ""",DELETE1000
V10-00-00200147,"ООО ""КОМЕК МАШИНЕРИ""",DELETE1000
V10-00-00200148,"ООО ""КОМЕК МАШИНЕРИ""",DELETE1000
V10-00-00200160,"ООО ""КОМЕК МАШИНЕРИ""",DELETE1000
V10-00-00200161,"ООО ""КОМЕК МАШИНЕРИ""",DELETE1000
V10-00-00200168,"ООО ""КОМЕК МАШИНЕРИ""",DELETE1000
V10-00-00200173,"ООО ""КОМЕК МАШИНЕРИ""",DELETE1000
V10-УП-00024016,"ООО ""КОМЕК МАШИНЕРИ""",DELETE1000
V10-УП-00024037,"ООО ""КОМЕК МАШИНЕРИ""",DELETE1000
V10-УП-00024038,"ООО ""КОМЕК МАШИНЕРИ""",DELETE1000
V10-УП-00024040,"ООО ""КОМЕК МАШИНЕРИ""",DELETE1000
V10-УП-00024041,"ООО ""КОМЕК МАШИНЕРИ""",DELETE1000
V10-УП-00024042,"ООО ""КОМЕК МАШИНЕРИ""",DELETE1000
V10-УП-00024043,"ООО ""КОМЕК МАШИНЕРИ""",DELETE1000
V10-УП-00024048,"ООО ""КОМЕК МАШИНЕРИ""",DELETE1000
V10-УП-00024049,"ООО ""КОМЕК МАШИНЕРИ""",DELETE1000
V10-УП-00024051,"ООО ""КОМЕК МАШИНЕРИ""",DELETE1000
V10-УП-00024052,"ООО ""КОМЕК МАШИНЕРИ""",DELETE1000
V10-УП-00024053,"ООО ""КОМЕК МАШИНЕРИ""",DELETE1000
V10-УП-00024055,"ООО ""КОМЕК МАШИНЕРИ""",DELETE1000
V10-УП-00024061,"ООО ""КОМЕК МАШИНЕРИ""",DELETE1000
V10-УП-00024062,"ООО ""КОМЕК МАШИНЕРИ""",DELETE1000
V10-УП-00024128,"ООО ""КОМЕК МАШИНЕРИ""",DELETE1000
V10-УП-00024129,"ООО ""КОМЕК МАШИНЕРИ""",DELETE1000
V10-УП-00024130,"ООО ""КОМЕК МАШИНЕРИ""",DELETE1000
V10-УП-00024135,"ООО ""КОМЕК МАШИНЕРИ""",DELETE1000
V10-УП-00024136,"ООО ""КОМЕК МАШИНЕРИ""",DELETE1000
V10-УП-00024138,"ООО ""КОМЕК МАШИНЕРИ""",DELETE1000
V10-УП-00024139,"ООО ""КОМЕК МАШИНЕРИ""",DELETE1000
V10-УП-00024155,"ООО ""КОМЕК МАШИНЕРИ""",DELETE1000
V10-УП-00024170,"ООО ""КОМЕК МАШИНЕРИ""",DELETE1000
V10-УП-00024178,"ООО ""КОМЕК МАШИНЕРИ""",DELETE1000
V10-УП-00024180,"ООО ""КОМЕК МАШИНЕРИ""",DELETE1000
V10-УП-00024247,"ООО ""КОМЕК МАШИНЕРИ""",DELETE1000
V10-УП-00024251,"ООО ""КОМЕК МАШИНЕРИ""",DELETE1000
V10-УП-00024252,"ООО ""КОМЕК МАШИНЕРИ""",DELETE1000
V10-УП-00024256,"ООО ""КОМЕК МАШИНЕРИ""",DELETE1000
V10-УП-00024257,"ООО ""КОМЕК МАШИНЕРИ""",DELETE1000
V10-УП-00024270,"ООО ""КОМЕК МАШИНЕРИ""",DELETE1000
V10-УП-00024272,"ООО ""КОМЕК МАШИНЕРИ""",DELETE1000
V10-УП-00024276,"ООО ""КОМЕК МАШИНЕРИ""",DELETE1000
V10-УП-00024278,"ООО ""КОМЕК МАШИНЕРИ""",DELETE1000
V10-УП-00024280,"ООО ""КОМЕК МАШИНЕРИ""",DELETE1000
V10-УП-00024372,"ООО ""КОМЕК МАШИНЕРИ""",DELETE1000
V10-УП-00024585,"ООО ""КОМЕК МАШИНЕРИ""",DELETE1000
V10-УП-00024611,"ООО ""КОМЕК МАШИНЕРИ""",DELETE1000
V10-УП-00024664,"ООО ""КОМЕК МАШИНЕРИ""",DELETE1000
V10-УП-00024762,"ООО ""КОМЕК МАШИНЕРИ""",DELETE1000
V10-УП-00024784,"ООО ""КОМЕК МАШИНЕРИ""",DELETE1000
V10-УП-00024985,"ООО ""КОМЕК МАШИНЕРИ""",DELETE1000
V10-УП-00025249,"ООО ""КОМЕК МАШИНЕРИ""",DELETE1000
V10-УП-00025250,"ООО ""КОМЕК МАШИНЕРИ""",DELETE1000
V10-УП-00025314,"ООО ""КОМЕК МАШИНЕРИ""",DELETE1000
V10-УП-00025328,"ООО ""КОМЕК МАШИНЕРИ""",DELETE1000
V10-УП-00025373,"ООО ""КОМЕК МАШИНЕРИ""",DELETE1000
V10-УП-00025374,"ООО ""КОМЕК МАШИНЕРИ""",DELETE1000
V10-УП-00025375,"ООО ""КОМЕК МАШИНЕРИ""",DELETE1000
V10-УП-00025376,"ООО ""КОМЕК МАШИНЕРИ""",DELETE1000
V10-УП-00025456,"ООО ""КОМЕК МАШИНЕРИ""",DELETE1000
V10-УП-00025558,"ООО ""КОМЕК МАШИНЕРИ""",DELETE1000
V10-УП-00025602,"ООО ""КОМЕК МАШИНЕРИ""",DELETE1000
V10-УП-00025943,"ООО ""КОМЕК МАШИНЕРИ""",DELETE1000
V10-УП-00026148,"ООО ""КОМЕК МАШИНЕРИ""",DELETE1000
V10-УП-00027437,"ООО ""КОМЕК МАШИНЕРИ""",DELETE1000
V10-УП-00027716,"ООО ""КОМЕК МАШИНЕРИ""",DELETE1000
V10-УП-00027721,"ООО ""КОМЕК МАШИНЕРИ""",DELETE1000
V10-УП-00027723,"ООО ""КОМЕК МАШИНЕРИ""",DELETE1000
V10-УП-00027749,"ООО ""КОМЕК МАШИНЕРИ""",DELETE1000
V10-УП-00027750,"ООО ""КОМЕК МАШИНЕРИ""",DELETE1000
V10-УП-00027755,"ООО ""КОМЕК МАШИНЕРИ""",DELETE1000
V10-УП-00027757,"ООО ""КОМЕК МАШИНЕРИ""",DELETE1000
V10-УП-00027760,"ООО ""КОМЕК МАШИНЕРИ""",DELETE1000
V10-УП-00027765,"ООО ""КОМЕК МАШИНЕРИ""",DELETE1000
V10-УП-00027766,"ООО ""КОМЕК МАШИНЕРИ""",DELETE1000
V10-УП-00027768,"ООО ""КОМЕК МАШИНЕРИ""",DELETE1000
V10-УП-00027796,"ООО ""КОМЕК МАШИНЕРИ""",DELETE1000
V10-УП-00027802,"ООО ""КОМЕК МАШИНЕРИ""",DELETE1000
V10-УП-00027803,"ООО ""КОМЕК МАШИНЕРИ""",DELETE1000
V10-УП-00027815,"ООО ""КОМЕК МАШИНЕРИ""",DELETE1000
V10-УП-00027817,"ООО ""КОМЕК МАШИНЕРИ""",DELETE1000
V10-УП-00027846,"ООО ""КОМЕК МАШИНЕРИ""",DELETE1000
V10-УП-00027847,"ООО ""КОМЕК МАШИНЕРИ""",DELETE1000
V10-УП-00027862,"ООО ""КОМЕК МАШИНЕРИ""",DELETE1000
V10-УП-00027876,"ООО ""КОМЕК МАШИНЕРИ""",DELETE1000
V10-УП-00027877,"ООО ""КОМЕК МАШИНЕРИ""",DELETE1000
V10-УП-00027882,"ООО ""КОМЕК МАШИНЕРИ""",DELETE1000
V10-УП-00027891,"ООО ""КОМЕК МАШИНЕРИ""",DELETE1000
V10-УП-00027901,"ООО ""КОМЕК МАШИНЕРИ""",DELETE1000
V10-УП-00027917,"ООО ""КОМЕК МАШИНЕРИ""",DELETE1000
V10-УП-00027934,"ООО ""КОМЕК МАШИНЕРИ""",DELETE1000
V10-УП-00027949,"ООО ""КОМЕК МАШИНЕРИ""",DELETE1000
V10-УП-00027950,"ООО ""КОМЕК МАШИНЕРИ""",DELETE1000
V10-УП-00027951,"ООО ""КОМЕК МАШИНЕРИ""",DELETE1000
V10-УП-00027956,"ООО ""КОМЕК МАШИНЕРИ""",DELETE1000
V10-УП-00027963,"ООО ""КОМЕК МАШИНЕРИ""",DELETE1000
V10-УП-00027965,"ООО ""КОМЕК МАШИНЕРИ""",DELETE1000
V10-УП-00027967,"ООО ""КОМЕК МАШИНЕРИ""",DELETE1000
V10-УП-00027968,"ООО ""КОМЕК МАШИНЕРИ""",DELETE1000
V10-УП-00027969,"ООО ""КОМЕК МАШИНЕРИ""",DELETE1000
V10-УП-00027970,"ООО ""КОМЕК МАШИНЕРИ""",DELETE1000
V10-УП-00027972,"ООО ""КОМЕК МАШИНЕРИ""",DELETE1000
V10-УП-00027978,"ООО ""КОМЕК МАШИНЕРИ""",DELETE1000
V10-УП-00027979,"ООО ""КОМЕК МАШИНЕРИ""",DELETE1000
V10-УП-00027987,"ООО ""КОМЕК МАШИНЕРИ""",DELETE1000
V10-УП-00027988,"ООО ""КОМЕК МАШИНЕРИ""",DELETE1000
V10-УП-00027991,"ООО ""КОМЕК МАШИНЕРИ""",DELETE1000
V10-УП-00027993,"ООО ""КОМЕК МАШИНЕРИ""",DELETE1000
V10-УП-00027996,"ООО ""КОМЕК МАШИНЕРИ""",DELETE1000
V10-УП-00027998,"ООО ""КОМЕК МАШИНЕРИ""",DELETE1000
V10-УП-00028000,"ООО ""КОМЕК МАШИНЕРИ""",DELETE1000
V10-УП-00028001,"ООО ""КОМЕК МАШИНЕРИ""",DELETE1000
V10-УП-00028003,"ООО ""КОМЕК МАШИНЕРИ""",DELETE1000
V10-УП-00028006,"ООО ""КОМЕК МАШИНЕРИ""",DELETE1000
V10-УП-00028007,"ООО ""КОМЕК МАШИНЕРИ""",DELETE1000
V10-УП-00028008,"ООО ""КОМЕК МАШИНЕРИ""",DELETE1000
V10-УП-00028009,"ООО ""КОМЕК МАШИНЕРИ""",DELETE1000
V10-УП-00028012,"ООО ""КОМЕК МАШИНЕРИ""",DELETE1000
V10-УП-00028015,"ООО ""КОМЕК МАШИНЕРИ""",DELETE1000
V10-УП-00028019,"ООО ""КОМЕК МАШИНЕРИ""",DELETE1000
V10-УП-00028021,"ООО ""КОМЕК МАШИНЕРИ""",DELETE1000
V10-УП-00028024,"ООО ""КОМЕК МАШИНЕРИ""",DELETE1000
V10-УП-00028026,"ООО ""КОМЕК МАШИНЕРИ""",DELETE1000
V10-УП-00028035,"ООО ""КОМЕК МАШИНЕРИ""",DELETE1000
V10-УП-00028038,"ООО ""КОМЕК МАШИНЕРИ""",DELETE1000
V10-УП-00028039,"ООО ""КОМЕК МАШИНЕРИ""",DELETE1000
V10-УП-00028040,"ООО ""КОМЕК МАШИНЕРИ""",DELETE1000
V10-УП-00028041,"ООО ""КОМЕК МАШИНЕРИ""",DELETE1000
V10-УП-00028042,"ООО ""КОМЕК МАШИНЕРИ""",DELETE1000
V10-УП-00028043,"ООО ""КОМЕК МАШИНЕРИ""",DELETE1000
V10-УП-00028044,"ООО ""КОМЕК МАШИНЕРИ""",DELETE1000
V10-УП-00028046,"ООО ""КОМЕК МАШИНЕРИ""",DELETE1000
V10-УП-00028047,"ООО ""КОМЕК МАШИНЕРИ""",DELETE1000
V10-УП-00028050,"ООО ""КОМЕК МАШИНЕРИ""",DELETE1000
V10-УП-00028066,"ООО ""КОМЕК МАШИНЕРИ""",DELETE1000
V10-УП-00028087,"ООО ""КОМЕК МАШИНЕРИ""",DELETE1000
V10-УП-00028090,"ООО ""КОМЕК МАШИНЕРИ""",DELETE1000
V10-УП-00028093,"ООО ""КОМЕК МАШИНЕРИ""",DELETE1000
V10-УП-00028095,"ООО ""КОМЕК МАШИНЕРИ""",DELETE1000
V10-УП-00028097,"ООО ""КОМЕК МАШИНЕРИ""",DELETE1000
V10-УП-00028098,"ООО ""КОМЕК МАШИНЕРИ""",DELETE1000
V10-УП-00028106,"ООО ""КОМЕК МАШИНЕРИ""",DELETE1000
V10-УП-00028107,"ООО ""КОМЕК МАШИНЕРИ""",DELETE1000
V10-УП-00028109,"ООО ""КОМЕК МАШИНЕРИ""",DELETE1000
V10-УП-00028114,"ООО ""КОМЕК МАШИНЕРИ""",DELETE1000
V10-УП-00028115,"ООО ""КОМЕК МАШИНЕРИ""",DELETE1000
V10-УП-00028116,"ООО ""КОМЕК МАШИНЕРИ""",DELETE1000
V10-УП-00028117,"ООО ""КОМЕК МАШИНЕРИ""",DELETE1000
V10-УП-00028119,"ООО ""КОМЕК МАШИНЕРИ""",DELETE1000
V10-УП-00028120,"ООО ""КОМЕК МАШИНЕРИ""",DELETE1000
V10-УП-00028126,"ООО ""КОМЕК МАШИНЕРИ""",DELETE1000
V10-УП-00028127,"ООО ""КОМЕК МАШИНЕРИ""",DELETE1000
V10-УП-00028131,"ООО ""КОМЕК МАШИНЕРИ""",DELETE1000
V10-УП-00028134,"ООО ""КОМЕК МАШИНЕРИ""",DELETE1000
V10-УП-00028138,"ООО ""КОМЕК МАШИНЕРИ""",DELETE1000
V10-УП-00028141,"ООО ""КОМЕК МАШИНЕРИ""",DELETE1000
V10-УП-00028149,"ООО ""КОМЕК МАШИНЕРИ""",DELETE1000
V10-УП-00028150,"ООО ""КОМЕК МАШИНЕРИ""",DELETE1000
V10-УП-00028151,"ООО ""КОМЕК МАШИНЕРИ""",DELETE1000
V10-УП-00028154,"ООО ""КОМЕК МАШИНЕРИ""",DELETE1000
V10-УП-00028155,"ООО ""КОМЕК МАШИНЕРИ""",DELETE1000
V10-УП-00028160,"ООО ""КОМЕК МАШИНЕРИ""",DELETE1000
V10-УП-00028161,"ООО ""КОМЕК МАШИНЕРИ""",DELETE1000
V10-УП-00028169,"ООО ""КОМЕК МАШИНЕРИ""",DELETE1000
V10-УП-00028172,"ООО ""КОМЕК МАШИНЕРИ""",DELETE1000
V10-УП-00028173,"ООО ""КОМЕК МАШИНЕРИ""",DELETE1000
V10-УП-00028174,"ООО ""КОМЕК МАШИНЕРИ""",DELETE1000
V10-УП-00028181,"ООО ""КОМЕК МАШИНЕРИ""",DELETE1000
V10-УП-00028183,"ООО ""КОМЕК МАШИНЕРИ""",DELETE1000
V10-УП-00028191,"ООО ""КОМЕК МАШИНЕРИ""",DELETE1000
V10-УП-00028193,"ООО ""КОМЕК МАШИНЕРИ""",DELETE1000
V10-УП-00028204,"ООО ""КОМЕК МАШИНЕРИ""",DELETE1000
V10-УП-00028205,"ООО ""КОМЕК МАШИНЕРИ""",DELETE1000
V10-УП-00028207,"ООО ""КОМЕК МАШИНЕРИ""",DELETE1000
V10-УП-00028209,"ООО ""КОМЕК МАШИНЕРИ""",DELETE1000
V10-УП-00028212,"ООО ""КОМЕК МАШИНЕРИ""",DELETE1000
V10-УП-00028213,"ООО ""КОМЕК МАШИНЕРИ""",DELETE1000
V10-УП-00028214,"ООО ""КОМЕК МАШИНЕРИ""",DELETE1000
V10-УП-00028216,"ООО ""КОМЕК МАШИНЕРИ""",DELETE1000
V10-УП-00028217,"ООО ""КОМЕК МАШИНЕРИ""",DELETE1000
V10-УП-00028222,"ООО ""КОМЕК МАШИНЕРИ""",DELETE1000
V10-УП-00028224,"ООО ""КОМЕК МАШИНЕРИ""",DELETE1000
V10-УП-00028225,"ООО ""КОМЕК МАШИНЕРИ""",DELETE1000
V10-УП-00028235,"ООО ""КОМЕК МАШИНЕРИ""",DELETE1000
V10-УП-00028238,"ООО ""КОМЕК МАШИНЕРИ""",DELETE1000
V10-УП-00028239,"ООО ""КОМЕК МАШИНЕРИ""",DELETE1000
V10-УП-00028240,"ООО ""КОМЕК МАШИНЕРИ""",DELETE1000
V10-УП-00028241,"ООО ""КОМЕК МАШИНЕРИ""",DELETE1000
V10-УП-00028242,"ООО ""КОМЕК МАШИНЕРИ""",DELETE1000
V10-УП-00028243,"ООО ""КОМЕК МАШИНЕРИ""",DELETE1000
V10-УП-00028244,"ООО ""КОМЕК МАШИНЕРИ""",DELETE1000
V10-УП-00028245,"ООО ""КОМЕК МАШИНЕРИ""",DELETE1000
V10-УП-00028246,"ООО ""КОМЕК МАШИНЕРИ""",DELETE1000
V10-УП-00028248,"ООО ""КОМЕК МАШИНЕРИ""",DELETE1000
V10-УП-00028250,"ООО ""КОМЕК МАШИНЕРИ""",DELETE1000
V10-УП-00028252,"ООО ""КОМЕК МАШИНЕРИ""",DELETE1000
V10-УП-00028253,"ООО ""КОМЕК МАШИНЕРИ""",DELETE1000
V10-УП-00028266,"ООО ""КОМЕК МАШИНЕРИ""",DELETE1000
V10-УП-00028276,"ООО ""КОМЕК МАШИНЕРИ""",DELETE1000
V10-УП-00028277,"ООО ""КОМЕК МАШИНЕРИ""",DELETE1000
V10-УП-00028303,"ООО ""КОМЕК МАШИНЕРИ""",DELETE1000
V10-УП-00028304,"ООО ""КОМЕК МАШИНЕРИ""",DELETE1000
V10-УП-00028307,"ООО ""КОМЕК МАШИНЕРИ""",DELETE1000
V10-УП-00028308,"ООО ""КОМЕК МАШИНЕРИ""",DELETE1000
V10-УП-00028312,"ООО ""КОМЕК МАШИНЕРИ""",DELETE1000
V10-УП-00028325,"ООО ""КОМЕК МАШИНЕРИ""",DELETE1000
V10-УП-00028331,"ООО ""КОМЕК МАШИНЕРИ""",DELETE1000
V10-УП-00028332,"ООО ""КОМЕК МАШИНЕРИ""",DELETE1000
V10-УП-00028338,"ООО ""КОМЕК МАШИНЕРИ""",DELETE1000
V10-УП-00028339,"ООО ""КОМЕК МАШИНЕРИ""",DELETE1000
V10-УП-00028341,"ООО ""КОМЕК МАШИНЕРИ""",DELETE1000
V10-УП-00028344,"ООО ""КОМЕК МАШИНЕРИ""",DELETE1000
V10-УП-00028345,"ООО ""КОМЕК МАШИНЕРИ""",DELETE1000
V10-УП-00028348,"ООО ""КОМЕК МАШИНЕРИ""",DELETE1000
V10-УП-00028349,"ООО ""КОМЕК МАШИНЕРИ""",DELETE1000
V10-УП-00028350,"ООО ""КОМЕК МАШИНЕРИ""",DELETE1000
V10-УП-00028352,"ООО ""КОМЕК МАШИНЕРИ""",DELETE1000
V10-УП-00028361,"ООО ""КОМЕК МАШИНЕРИ""",DELETE1000
V10-УП-00028368,"ООО ""КОМЕК МАШИНЕРИ""",DELETE1000
V10-УП-00028369,"ООО ""КОМЕК МАШИНЕРИ""",DELETE1000
V10-УП-00028374,"ООО ""КОМЕК МАШИНЕРИ""",DELETE1000
V10-УП-00028375,"ООО ""КОМЕК МАШИНЕРИ""",DELETE1000
V10-УП-00028376,"ООО ""КОМЕК МАШИНЕРИ""",DELETE1000
V10-УП-00028378,"ООО ""КОМЕК МАШИНЕРИ""",DELETE1000
V10-УП-00028380,"ООО ""КОМЕК МАШИНЕРИ""",DELETE1000
V10-УП-00028386,"ООО ""КОМЕК МАШИНЕРИ""",DELETE1000
V10-УП-00028387,"ООО ""КОМЕК МАШИНЕРИ""",DELETE1000
V10-УП-00028388,"ООО ""КОМЕК МАШИНЕРИ""",DELETE1000
V10-УП-00028389,"ООО ""КОМЕК МАШИНЕРИ""",DELETE1000
V10-УП-00028390,"ООО ""КОМЕК МАШИНЕРИ""",DELETE1000
V10-УП-00028391,"ООО ""КОМЕК МАШИНЕРИ""",DELETE1000
V10-УП-00028392,"ООО ""КОМЕК МАШИНЕРИ""",DELETE1000
V10-УП-00028405,"ООО ""КОМЕК МАШИНЕРИ""",DELETE1000
V10-УП-00028407,"ООО ""КОМЕК МАШИНЕРИ""",DELETE1000
V10-УП-00028421,"ООО ""КОМЕК МАШИНЕРИ""",DELETE1000
V10-УП-00028425,"ООО ""КОМЕК МАШИНЕРИ""",DELETE1000
V10-УП-00028428,"ООО ""КОМЕК МАШИНЕРИ""",DELETE1000
V10-УП-00028432,"ООО ""КОМЕК МАШИНЕРИ""",DELETE1000
V10-УП-00028433,"ООО ""КОМЕК МАШИНЕРИ""",DELETE1000
V10-УП-00028434,"ООО ""КОМЕК МАШИНЕРИ""",DELETE1000
V10-УП-00028436,"ООО ""КОМЕК МАШИНЕРИ""",DELETE1000
V10-УП-00028439,"ООО ""КОМЕК МАШИНЕРИ""",DELETE1000
V10-УП-00028440,"ООО ""КОМЕК МАШИНЕРИ""",DELETE1000
V10-УП-00028442,"ООО ""КОМЕК МАШИНЕРИ""",DELETE1000
V10-УП-00028443,"ООО ""КОМЕК МАШИНЕРИ""",DELETE1000
V10-УП-00028450,"ООО ""КОМЕК МАШИНЕРИ""",DELETE1000
V10-УП-00028451,"ООО ""КОМЕК МАШИНЕРИ""",DELETE1000
V10-УП-00028452,"ООО ""КОМЕК МАШИНЕРИ""",DELETE1000
V10-УП-00028453,"ООО ""КОМЕК МАШИНЕРИ""",DELETE1000
V10-УП-00028455,"ООО ""КОМЕК МАШИНЕРИ""",DELETE1000
V10-УП-00028456,"ООО ""КОМЕК МАШИНЕРИ""",DELETE1000
V10-УП-00028457,"ООО ""КОМЕК МАШИНЕРИ""",DELETE1000
V10-УП-00028472,"ООО ""КОМЕК МАШИНЕРИ""",DELETE1000
V10-УП-00028474,"ООО ""КОМЕК МАШИНЕРИ""",DELETE1000
V10-УП-00028478,"ООО ""КОМЕК МАШИНЕРИ""",DELETE1000
V10-УП-00028479,"ООО ""КОМЕК МАШИНЕРИ""",DELETE1000
V10-УП-00028482,"ООО ""КОМЕК МАШИНЕРИ""",DELETE1000
V10-УП-00028483,"ООО ""КОМЕК МАШИНЕРИ""",DELETE1000
V10-УП-00028484,"ООО ""КОМЕК МАШИНЕРИ""",DELETE1000
V10-УП-00028486,"ООО ""КОМЕК МАШИНЕРИ""",DELETE1000
V10-УП-00028492,"ООО ""КОМЕК МАШИНЕРИ""",DELETE1000
V10-УП-00028493,"ООО ""КОМЕК МАШИНЕРИ""",DELETE1000
V10-УП-00028495,"ООО ""КОМЕК МАШИНЕРИ""",DELETE1000
V10-УП-00028505,"ООО ""КОМЕК МАШИНЕРИ""",DELETE1000
V10-УП-00028513,"ООО ""КОМЕК МАШИНЕРИ""",DELETE1000
V10-УП-00028519,"ООО ""КОМЕК МАШИНЕРИ""",DELETE1000
V10-УП-00028520,"ООО ""КОМЕК МАШИНЕРИ""",DELETE1000
V10-УП-00028529,"ООО ""КОМЕК МАШИНЕРИ""",DELETE1000
V10-УП-00028535,"ООО ""КОМЕК МАШИНЕРИ""",DELETE1000
V10-УП-00028538,"ООО ""КОМЕК МАШИНЕРИ""",DELETE1000
V10-УП-00028539,"ООО ""КОМЕК МАШИНЕРИ""",DELETE1000
V10-УП-00028541,"ООО ""КОМЕК МАШИНЕРИ""",DELETE1000
V10-УП-00028542,"ООО ""КОМЕК МАШИНЕРИ""",DELETE1000
V10-УП-00028544,"ООО ""КОМЕК МАШИНЕРИ""",DELETE1000
V10-УП-00028548,"ООО ""КОМЕК МАШИНЕРИ""",DELETE1000
V10-УП-00028549,"ООО ""КОМЕК МАШИНЕРИ""",DELETE1000
V10-УП-00028550,"ООО ""КОМЕК МАШИНЕРИ""",DELETE1000
V10-УП-00028551,"ООО ""КОМЕК МАШИНЕРИ""",DELETE1000
V10-УП-00028555,"ООО ""КОМЕК МАШИНЕРИ""",DELETE1000
V10-УП-00028556,"ООО ""КОМЕК МАШИНЕРИ""",DELETE1000
V10-УП-00028557,"ООО ""КОМЕК МАШИНЕРИ""",DELETE1000
V10-УП-00028559,"ООО ""КОМЕК МАШИНЕРИ""",DELETE1000
V10-УП-00028561,"ООО ""КОМЕК МАШИНЕРИ""",DELETE1000
V10-УП-00028563,"ООО ""КОМЕК МАШИНЕРИ""",DELETE1000
V10-УП-00028564,"ООО ""КОМЕК МАШИНЕРИ""",DELETE1000
V10-УП-00028565,"ООО ""КОМЕК МАШИНЕРИ""",DELETE1000
V10-УП-00028568,"ООО ""КОМЕК МАШИНЕРИ""",DELETE1000
V10-УП-00028572,"ООО ""КОМЕК МАШИНЕРИ""",DELETE1000
V10-УП-00028577,"ООО ""КОМЕК МАШИНЕРИ""",DELETE1000
V10-УП-00028585,"ООО ""КОМЕК МАШИНЕРИ""",DELETE1000
V10-УП-00028589,"ООО ""КОМЕК МАШИНЕРИ""",DELETE1000
V10-УП-00028591,"ООО ""КОМЕК МАШИНЕРИ""",DELETE1000
V10-УП-00028595,"ООО ""КОМЕК МАШИНЕРИ""",DELETE1000
V10-УП-00028602,"ООО ""КОМЕК МАШИНЕРИ""",DELETE1000
V10-УП-00028639,"ООО ""КОМЕК МАШИНЕРИ""",DELETE1000
V10-УП-00028641,"ООО ""КОМЕК МАШИНЕРИ""",DELETE1000
V10-УП-00028647,"ООО ""КОМЕК МАШИНЕРИ""",DELETE1000
V10-УП-00028650,"ООО ""КОМЕК МАШИНЕРИ""",DELETE1000
V10-УП-00028653,"ООО ""КОМЕК МАШИНЕРИ""",DELETE1000
V10-УП-00028655,"ООО ""КОМЕК МАШИНЕРИ""",DELETE1000
V10-УП-00028656,"ООО ""КОМЕК МАШИНЕРИ""",DELETE1000
V10-УП-00028665,"ООО ""КОМЕК МАШИНЕРИ""",DELETE1000
V10-УП-00028666,"ООО ""КОМЕК МАШИНЕРИ""",DELETE1000
V10-УП-00028667,"ООО ""КОМЕК МАШИНЕРИ""",DELETE1000
V10-УП-00028669,"ООО ""КОМЕК МАШИНЕРИ""",DELETE1000
V10-УП-00028670,"ООО ""КОМЕК МАШИНЕРИ""",DELETE1000
V10-УП-00028671,"ООО ""КОМЕК МАШИНЕРИ""",DELETE1000
V10-УП-00028674,"ООО ""КОМЕК МАШИНЕРИ""",DELETE1000
V10-УП-00028679,"ООО ""КОМЕК МАШИНЕРИ""",DELETE1000
V10-УП-00028681,"ООО ""КОМЕК МАШИНЕРИ""",DELETE1000
V10-УП-00028682,"ООО ""КОМЕК МАШИНЕРИ""",DELETE1000
V10-УП-00028683,"ООО ""КОМЕК МАШИНЕРИ""",DELETE1000
V10-УП-00028684,"ООО ""КОМЕК МАШИНЕРИ""",DELETE1000
V10-УП-00028686,"ООО ""КОМЕК МАШИНЕРИ""",DELETE1000
V10-УП-00028687,"ООО ""КОМЕК МАШИНЕРИ""",DELETE1000
V10-УП-00028689,"ООО ""КОМЕК МАШИНЕРИ""",DELETE1000
V10-УП-00028690,"ООО ""КОМЕК МАШИНЕРИ""",DELETE1000
V10-УП-00028691,"ООО ""КОМЕК МАШИНЕРИ""",DELETE1000
V10-УП-00028693,"ООО ""КОМЕК МАШИНЕРИ""",DELETE1000
V10-УП-00028695,"ООО ""КОМЕК МАШИНЕРИ""",DELETE1000
V10-УП-00028696,"ООО ""КОМЕК МАШИНЕРИ""",DELETE1000
V10-УП-00028697,"ООО ""КОМЕК МАШИНЕРИ""",DELETE1000
V10-УП-00028698,"ООО ""КОМЕК МАШИНЕРИ""",DELETE1000
V10-УП-00028700,"ООО ""КОМЕК МАШИНЕРИ""",DELETE1000
V10-УП-00028704,"ООО ""КОМЕК МАШИНЕРИ""",DELETE1000
V10-УП-00028714,"ООО ""КОМЕК МАШИНЕРИ""",DELETE1000
V10-УП-00028716,"ООО ""КОМЕК МАШИНЕРИ""",DELETE1000
V10-УП-00028718,"ООО ""КОМЕК МАШИНЕРИ""",DELETE1000
V10-УП-00028719,"ООО ""КОМЕК МАШИНЕРИ""",DELETE1000
V10-УП-00028721,"ООО ""КОМЕК МАШИНЕРИ""",DELETE1000
V10-УП-00028726,"ООО ""КОМЕК МАШИНЕРИ""",DELETE1000
V10-УП-00028727,"ООО ""КОМЕК МАШИНЕРИ""",DELETE1000
V10-УП-00028729,"ООО ""КОМЕК МАШИНЕРИ""",DELETE1000
V10-УП-00028732,"ООО ""КОМЕК МАШИНЕРИ""",DELETE1000
V10-УП-00028733,"ООО ""КОМЕК МАШИНЕРИ""",DELETE1000
V10-УП-00028735,"ООО ""КОМЕК МАШИНЕРИ""",DELETE1000
V10-УП-00028736,"ООО ""КОМЕК МАШИНЕРИ""",DELETE1000
V10-УП-00028737,"ООО ""КОМЕК МАШИНЕРИ""",DELETE1000
V10-УП-00028738,"ООО ""КОМЕК МАШИНЕРИ""",DELETE1000
V10-УП-00028739,"ООО ""КОМЕК МАШИНЕРИ""",DELETE1000
V10-УП-00028741,"ООО ""КОМЕК МАШИНЕРИ""",DELETE1000
V10-УП-00028742,"ООО ""КОМЕК МАШИНЕРИ""",DELETE1000
V10-УП-00028745,"ООО ""КОМЕК МАШИНЕРИ""",DELETE1000
V10-УП-00028746,"ООО ""КОМЕК МАШИНЕРИ""",DELETE1000
V10-УП-00028749,"ООО ""КОМЕК МАШИНЕРИ""",DELETE1000
V10-УП-00028751,"ООО ""КОМЕК МАШИНЕРИ""",DELETE1000
V10-УП-00028753,"ООО ""КОМЕК МАШИНЕРИ""",DELETE1000
V10-УП-00028756,"ООО ""КОМЕК МАШИНЕРИ""",DELETE1000
V10-УП-00028758,"ООО ""КОМЕК МАШИНЕРИ""",DELETE1000
V10-УП-00028761,"ООО ""КОМЕК МАШИНЕРИ""",DELETE1000
V10-УП-00028762,"ООО ""КОМЕК МАШИНЕРИ""",DELETE1000
V10-УП-00028763,"ООО ""КОМЕК МАШИНЕРИ""",DELETE1000
V10-УП-00028765,"ООО ""КОМЕК МАШИНЕРИ""",DELETE1000
V10-УП-00028768,"ООО ""КОМЕК МАШИНЕРИ""",DELETE1000
V10-УП-00028772,"ООО ""КОМЕК МАШИНЕРИ""",DELETE1000
V10-УП-00028773,"ООО ""КОМЕК МАШИНЕРИ""",DELETE1000
V10-УП-00028776,"ООО ""КОМЕК МАШИНЕРИ""",DELETE1000
V10-УП-00028777,"ООО ""КОМЕК МАШИНЕРИ""",DELETE1000
V10-УП-00028780,"ООО ""КОМЕК МАШИНЕРИ""",DELETE1000
V10-УП-00028782,"ООО ""КОМЕК МАШИНЕРИ""",DELETE1000
V10-УП-00028784,"ООО ""КОМЕК МАШИНЕРИ""",DELETE1000
V10-УП-00028789,"ООО ""КОМЕК МАШИНЕРИ""",DELETE1000
V10-УП-00028796,"ООО ""КОМЕК МАШИНЕРИ""",DELETE1000
V10-УП-00028799,"ООО ""КОМЕК МАШИНЕРИ""",DELETE1000
V10-УП-00028807,"ООО ""КОМЕК МАШИНЕРИ""",DELETE1000
V10-УП-00028809,"ООО ""КОМЕК МАШИНЕРИ""",DELETE1000
V10-УП-00028812,"ООО ""КОМЕК МАШИНЕРИ""",DELETE1000
V10-УП-00028813,"ООО ""КОМЕК МАШИНЕРИ""",DELETE1000
V10-УП-00028814,"ООО ""КОМЕК МАШИНЕРИ""",DELETE1000
V10-УП-00028815,"ООО ""КОМЕК МАШИНЕРИ""",DELETE1000
V10-УП-00028816,"ООО ""КОМЕК МАШИНЕРИ""",DELETE1000
V10-УП-00028817,"ООО ""КОМЕК МАШИНЕРИ""",DELETE1000
V10-УП-00028818,"ООО ""КОМЕК МАШИНЕРИ""",DELETE1000
V10-УП-00028819,"ООО ""КОМЕК МАШИНЕРИ""",DELETE1000
V10-УП-00028820,"ООО ""КОМЕК МАШИНЕРИ""",DELETE1000
V10-УП-00028821,"ООО ""КОМЕК МАШИНЕРИ""",DELETE1000
V10-УП-00028822,"ООО ""КОМЕК МАШИНЕРИ""",DELETE1000
V10-УП-00028823,"ООО ""КОМЕК МАШИНЕРИ""",DELETE1000
V10-УП-00028825,"ООО ""КОМЕК МАШИНЕРИ""",DELETE1000
V10-УП-00028826,"ООО ""КОМЕК МАШИНЕРИ""",DELETE1000
V10-УП-00028827,"ООО ""КОМЕК МАШИНЕРИ""",DELETE1000
V10-УП-00028829,"ООО ""КОМЕК МАШИНЕРИ""",DELETE1000
V10-УП-00028831,"ООО ""КОМЕК МАШИНЕРИ""",DELETE1000
V10-УП-00028832,"ООО ""КОМЕК МАШИНЕРИ""",DELETE1000
V10-УП-00028834,"ООО ""КОМЕК МАШИНЕРИ""",DELETE1000
V10-УП-00028835,"ООО ""КОМЕК МАШИНЕРИ""",DELETE1000
V10-УП-00028836,"ООО ""КОМЕК МАШИНЕРИ""",DELETE1000
V10-УП-00028837,"ООО ""КОМЕК МАШИНЕРИ""",DELETE1000
V10-УП-00028838,"ООО ""КОМЕК МАШИНЕРИ""",DELETE1000
V10-УП-00028842,"ООО ""КОМЕК МАШИНЕРИ""",DELETE1000
V10-УП-00028843,"ООО ""КОМЕК МАШИНЕРИ""",DELETE1000
V10-УП-00028844,"ООО ""КОМЕК МАШИНЕРИ""",DELETE1000
V10-УП-00028845,"ООО ""КОМЕК МАШИНЕРИ""",DELETE1000
V10-УП-00028853,"ООО ""КОМЕК МАШИНЕРИ""",DELETE1000
V10-УП-00028857,"ООО ""КОМЕК МАШИНЕРИ""",DELETE1000
V10-УП-00028860,"ООО ""КОМЕК МАШИНЕРИ""",DELETE1000
V10-УП-00028865,"ООО ""КОМЕК МАШИНЕРИ""",DELETE1000
V10-УП-00028866,"ООО ""КОМЕК МАШИНЕРИ""",DELETE1000
V10-УП-00028875,"ООО ""КОМЕК МАШИНЕРИ""",DELETE1000
V10-УП-00028876,"ООО ""КОМЕК МАШИНЕРИ""",DELETE1000
V10-УП-00028879,"ООО ""КОМЕК МАШИНЕРИ""",DELETE1000
V10-УП-00028880,"ООО ""КОМЕК МАШИНЕРИ""",DELETE1000
V10-УП-00028882,"ООО ""КОМЕК МАШИНЕРИ""",DELETE1000
V10-УП-00028887,"ООО ""КОМЕК МАШИНЕРИ""",DELETE1000
V10-УП-00028888,"ООО ""КОМЕК МАШИНЕРИ""",DELETE1000
V10-УП-00028892,"ООО ""КОМЕК МАШИНЕРИ""",DELETE1000
V10-УП-00028893,"ООО ""КОМЕК МАШИНЕРИ""",DELETE1000
V10-УП-00028899,"ООО ""КОМЕК МАШИНЕРИ""",DELETE1000
V10-УП-00028902,"ООО ""КОМЕК МАШИНЕРИ""",DELETE1000
V10-УП-00028906,"ООО ""КОМЕК МАШИНЕРИ""",DELETE1000
V10-УП-00028907,"ООО ""КОМЕК МАШИНЕРИ""",DELETE1000
V10-УП-00028908,"ООО ""КОМЕК МАШИНЕРИ""",DELETE1000
V10-УП-00028909,"ООО ""КОМЕК МАШИНЕРИ""",DELETE1000
V10-УП-00028910,"ООО ""КОМЕК МАШИНЕРИ""",DELETE1000
V10-УП-00028911,"ООО ""КОМЕК МАШИНЕРИ""",DELETE1000
V10-УП-00028914,"ООО ""КОМЕК МАШИНЕРИ""",DELETE1000
V10-УП-00028917,"ООО ""КОМЕК МАШИНЕРИ""",DELETE1000
V10-УП-00028918,"ООО ""КОМЕК МАШИНЕРИ""",DELETE1000
V10-УП-00028921,"ООО ""КОМЕК МАШИНЕРИ""",DELETE1000
V10-УП-00028925,"ООО ""КОМЕК МАШИНЕРИ""",DELETE1000
V10-УП-00028926,"ООО ""КОМЕК МАШИНЕРИ""",DELETE1000
V10-УП-00028927,"ООО ""КОМЕК МАШИНЕРИ""",DELETE1000
V10-УП-00028933,"ООО ""КОМЕК МАШИНЕРИ""",DELETE1000
V10-УП-00028935,"ООО ""КОМЕК МАШИНЕРИ""",DELETE1000
V10-УП-00028937,"ООО ""КОМЕК МАШИНЕРИ""",DELETE1000
V10-УП-00028939,"ООО ""КОМЕК МАШИНЕРИ""",DELETE1000
V10-УП-00028940,"ООО ""КОМЕК МАШИНЕРИ""",DELETE1000
V10-УП-00028942,"ООО ""КОМЕК МАШИНЕРИ""",DELETE1000
V10-УП-00028947,"ООО ""КОМЕК МАШИНЕРИ""",DELETE1000
V10-УП-00028953,"ООО ""КОМЕК МАШИНЕРИ""",DELETE1000
V10-УП-00028958,"ООО ""КОМЕК МАШИНЕРИ""",DELETE1000
V10-УП-00028962,"ООО ""КОМЕК МАШИНЕРИ""",DELETE1000
V10-УП-00028964,"ООО ""КОМЕК МАШИНЕРИ""",DELETE1000
V10-УП-00028966,"ООО ""КОМЕК МАШИНЕРИ""",DELETE1000
V10-УП-00028967,"ООО ""КОМЕК МАШИНЕРИ""",DELETE1000
V10-УП-00028968,"ООО ""КОМЕК МАШИНЕРИ""",DELETE1000
V10-УП-00028969,"ООО ""КОМЕК МАШИНЕРИ""",DELETE1000
V10-УП-00028970,"ООО ""КОМЕК МАШИНЕРИ""",DELETE1000
V10-УП-00028971,"ООО ""КОМЕК МАШИНЕРИ""",DELETE1000
V10-УП-00028972,"ООО ""КОМЕК МАШИНЕРИ""",DELETE1000
V10-УП-00028973,"ООО ""КОМЕК МАШИНЕРИ""",DELETE1000
V10-УП-00028974,"ООО ""КОМЕК МАШИНЕРИ""",DELETE1000
V10-УП-00028977,"ООО ""КОМЕК МАШИНЕРИ""",DELETE1000
V10-УП-00028988,"ООО ""КОМЕК МАШИНЕРИ""",DELETE1000
V10-УП-00028991,"ООО ""КОМЕК МАШИНЕРИ""",DELETE1000
V10-УП-00028992,"ООО ""КОМЕК МАШИНЕРИ""",DELETE1000
V10-УП-00028994,"ООО ""КОМЕК МАШИНЕРИ""",DELETE1000
V10-УП-00028996,"ООО ""КОМЕК МАШИНЕРИ""",DELETE1000
V10-УП-00028997,"ООО ""КОМЕК МАШИНЕРИ""",DELETE1000
V10-УП-00028998,"ООО ""КОМЕК МАШИНЕРИ""",DELETE1000
V10-УП-00029014,"ООО ""КОМЕК МАШИНЕРИ""",DELETE1000
V10-УП-00029017,"ООО ""КОМЕК МАШИНЕРИ""",DELETE1000
V10-УП-00029018,"ООО ""КОМЕК МАШИНЕРИ""",DELETE1000
V10-УП-00029025,"ООО ""КОМЕК МАШИНЕРИ""",DELETE1000
V10-УП-00029026,"ООО ""КОМЕК МАШИНЕРИ""",DELETE1000
V10-УП-00029028,"ООО ""КОМЕК МАШИНЕРИ""",DELETE1000
V10-УП-00029029,"ООО ""КОМЕК МАШИНЕРИ""",DELETE1000
V10-УП-00029030,"ООО ""КОМЕК МАШИНЕРИ""",DELETE1000
V10-УП-00029031,"ООО ""КОМЕК МАШИНЕРИ""",DELETE1000
V10-УП-00029035,"ООО ""КОМЕК МАШИНЕРИ""",DELETE1000
V10-УП-00029039,"ООО ""КОМЕК МАШИНЕРИ""",DELETE1000
V10-УП-00029043,"ООО ""КОМЕК МАШИНЕРИ""",DELETE1000
V10-УП-00029044,"ООО ""КОМЕК МАШИНЕРИ""",DELETE1000
V10-УП-00029049,"ООО ""КОМЕК МАШИНЕРИ""",DELETE1000
V10-УП-00029059,"ООО ""КОМЕК МАШИНЕРИ""",DELETE1000
V10-УП-00029060,"ООО ""КОМЕК МАШИНЕРИ""",DELETE1000
V10-УП-00029062,"ООО ""КОМЕК МАШИНЕРИ""",DELETE1000
V10-УП-00029063,"ООО ""КОМЕК МАШИНЕРИ""",DELETE1000
V10-УП-00029065,"ООО ""КОМЕК МАШИНЕРИ""",DELETE1000
V10-УП-00029066,"ООО ""КОМЕК МАШИНЕРИ""",DELETE1000
V10-УП-00029085,"ООО ""КОМЕК МАШИНЕРИ""",DELETE1000
V10-УП-00029086,"ООО ""КОМЕК МАШИНЕРИ""",DELETE1000
V10-УП-00029129,"ООО ""КОМЕК МАШИНЕРИ""",DELETE1000
V10-УП-00029203,"ООО ""КОМЕК МАШИНЕРИ""",DELETE1000
V10-УП-00029211,"ООО ""КОМЕК МАШИНЕРИ""",DELETE1000
V10-УП-00029244,"ООО ""КОМЕК МАШИНЕРИ""",DELETE1000
V10-УП-00029246,"ООО ""КОМЕК МАШИНЕРИ""",DELETE1000
V10-УП-00029250,"ООО ""КОМЕК МАШИНЕРИ""",DELETE1000
V10-УП-00029270,"ООО ""КОМЕК МАШИНЕРИ""",DELETE1000
V10-УП-00029278,"ООО ""КОМЕК МАШИНЕРИ""",DELETE1000
V10-УП-00029286,"ООО ""КОМЕК МАШИНЕРИ""",DELETE1000
V10-УП-00029287,"ООО ""КОМЕК МАШИНЕРИ""",DELETE1000
V10-УП-00029296,"ООО ""КОМЕК МАШИНЕРИ""",DELETE1000
V10-УП-00029303,"ООО ""КОМЕК МАШИНЕРИ""",DELETE1000
V10-УП-00029308,"ООО ""КОМЕК МАШИНЕРИ""",DELETE1000
V10-УП-00029309,"ООО ""КОМЕК МАШИНЕРИ""",DELETE1000
V10-УП-00029311,"ООО ""КОМЕК МАШИНЕРИ""",DELETE1000
V10-УП-00029315,"ООО ""КОМЕК МАШИНЕРИ""",DELETE1000
V10-УП-00029325,"ООО ""КОМЕК МАШИНЕРИ""",DELETE1000
V10-УП-00029337,"ООО ""КОМЕК МАШИНЕРИ""",DELETE1000
V10-УП-00029361,"ООО ""КОМЕК МАШИНЕРИ""",DELETE1000
V10-УП-00029368,"ООО ""КОМЕК МАШИНЕРИ""",DELETE1000
V10-УП-00029369,"ООО ""КОМЕК МАШИНЕРИ""",DELETE1000
V10-УП-00029370,"ООО ""КОМЕК МАШИНЕРИ""",DELETE1000
V10-УП-00029372,"ООО ""КОМЕК МАШИНЕРИ""",DELETE1000
V10-УП-00029376,"ООО ""КОМЕК МАШИНЕРИ""",DELETE1000
V10-УП-00029377,"ООО ""КОМЕК МАШИНЕРИ""",DELETE1000
V10-УП-00029384,"ООО ""КОМЕК МАШИНЕРИ""",DELETE1000
V10-УП-00029389,"ООО ""КОМЕК МАШИНЕРИ""",DELETE1000
V10-УП-00029404,"ООО ""КОМЕК МАШИНЕРИ""",DELETE1000
V10-УП-00029405,"ООО ""КОМЕК МАШИНЕРИ""",DELETE1000
V10-УП-00029407,"ООО ""КОМЕК МАШИНЕРИ""",DELETE1000
V10-УП-00029408,"ООО ""КОМЕК МАШИНЕРИ""",DELETE1000
V10-УП-00029410,"ООО ""КОМЕК МАШИНЕРИ""",DELETE1000
V10-УП-00029417,"ООО ""КОМЕК МАШИНЕРИ""",DELETE1000
V10-УП-00029423,"ООО ""КОМЕК МАШИНЕРИ""",DELETE1000
V10-УП-00029429,"ООО ""КОМЕК МАШИНЕРИ""",DELETE1000
V10-УП-00029433,"ООО ""КОМЕК МАШИНЕРИ""",DELETE1000
V10-УП-00029434,"ООО ""КОМЕК МАШИНЕРИ""",DELETE1000
V10-УП-00029437,"ООО ""КОМЕК МАШИНЕРИ""",DELETE1000
V10-УП-00029438,"ООО ""КОМЕК МАШИНЕРИ""",DELETE1000
V10-УП-00029443,"ООО ""КОМЕК МАШИНЕРИ""",DELETE1000
V10-УП-00029452,"ООО ""КОМЕК МАШИНЕРИ""",DELETE1000
V10-УП-00029454,"ООО ""КОМЕК МАШИНЕРИ""",DELETE1000
V10-УП-00029472,"ООО ""КОМЕК МАШИНЕРИ""",DELETE1000
V10-УП-00029473,"ООО ""КОМЕК МАШИНЕРИ""",DELETE1000
V10-УП-00029492,"ООО ""КОМЕК МАШИНЕРИ""",DELETE1000
V10-УП-00029494,"ООО ""КОМЕК МАШИНЕРИ""",DELETE1000
V10-УП-00029515,"ООО ""КОМЕК МАШИНЕРИ""",DELETE1000
V10-УП-00029518,"ООО ""КОМЕК МАШИНЕРИ""",DELETE1000
V10-УП-00029521,"ООО ""КОМЕК МАШИНЕРИ""",DELETE1000
V10-УП-00029522,"ООО ""КОМЕК МАШИНЕРИ""",DELETE1000
V10-УП-00029530,"ООО ""КОМЕК МАШИНЕРИ""",DELETE1000
V10-УП-00029531,"ООО ""КОМЕК МАШИНЕРИ""",DELETE1000
V10-УП-00029535,"ООО ""КОМЕК МАШИНЕРИ""",DELETE1000
V10-УП-00029540,"ООО ""КОМЕК МАШИНЕРИ""",DELETE1000
V10-УП-00029549,"ООО ""КОМЕК МАШИНЕРИ""",DELETE1000
V10-УП-00029562,"ООО ""КОМЕК МАШИНЕРИ""",DELETE1000
V10-УП-00029566,"ООО ""КОМЕК МАШИНЕРИ""",DELETE1000
V10-УП-00029570,"ООО ""КОМЕК МАШИНЕРИ""",DELETE1000
V10-УП-00029574,"ООО ""КОМЕК МАШИНЕРИ""",DELETE1000
V10-УП-00029575,"ООО ""КОМЕК МАШИНЕРИ""",DELETE1000
V10-УП-00029576,"ООО ""КОМЕК МАШИНЕРИ""",DELETE1000
V10-УП-00029587,"ООО ""КОМЕК МАШИНЕРИ""",DELETE1000
V10-УП-00029590,"ООО ""КОМЕК МАШИНЕРИ""",DELETE1000
V10-УП-00029594,"ООО ""КОМЕК МАШИНЕРИ""",DELETE1000
V10-УП-00029600,"ООО ""КОМЕК МАШИНЕРИ""",DELETE1000
V10-УП-00029604,"ООО ""КОМЕК МАШИНЕРИ""",DELETE1000
V10-УП-00029609,"ООО ""КОМЕК МАШИНЕРИ""",DELETE1000
V10-УП-00029614,"ООО ""КОМЕК МАШИНЕРИ""",DELETE1000
V10-УП-00029615,"ООО ""КОМЕК МАШИНЕРИ""",DELETE1000
V10-УП-00029616,"ООО ""КОМЕК МАШИНЕРИ""",DELETE1000
V10-УП-00029617,"ООО ""КОМЕК МАШИНЕРИ""",DELETE1000
V10-УП-00029621,"ООО ""КОМЕК МАШИНЕРИ""",DELETE1000
V10-УП-00029622,"ООО ""КОМЕК МАШИНЕРИ""",DELETE1000
V10-УП-00029633,"ООО ""КОМЕК МАШИНЕРИ""",DELETE1000
V10-УП-00029636,"ООО ""КОМЕК МАШИНЕРИ""",DELETE1000
V10-УП-00029645,"ООО ""КОМЕК МАШИНЕРИ""",DELETE1000
V10-УП-00029646,"ООО ""КОМЕК МАШИНЕРИ""",DELETE1000
V10-УП-00029647,"ООО ""КОМЕК МАШИНЕРИ""",DELETE1000
V10-УП-00029654,"ООО ""КОМЕК МАШИНЕРИ""",DELETE1000
V10-УП-00029657,"ООО ""КОМЕК МАШИНЕРИ""",DELETE1000
V10-УП-00029660,"ООО ""КОМЕК МАШИНЕРИ""",DELETE1000
V10-УП-00029672,"ООО ""КОМЕК МАШИНЕРИ""",DELETE1000
V10-УП-00029676,"ООО ""КОМЕК МАШИНЕРИ""",DELETE1000
V10-УП-00029678,"ООО ""КОМЕК МАШИНЕРИ""",DELETE1000
V10-УП-00029680,"ООО ""КОМЕК МАШИНЕРИ""",DELETE1000
V10-УП-00029681,"ООО ""КОМЕК МАШИНЕРИ""",DELETE1000
V10-УП-00029685,"ООО ""КОМЕК МАШИНЕРИ""",DELETE1000
V10-УП-00029694,"ООО ""КОМЕК МАШИНЕРИ""",DELETE1000
V10-УП-00029714,"ООО ""КОМЕК МАШИНЕРИ""",DELETE1000
V10-УП-00029716,"ООО ""КОМЕК МАШИНЕРИ""",DELETE1000
V10-УП-00029718,"ООО ""КОМЕК МАШИНЕРИ""",DELETE1000
V10-УП-00029720,"ООО ""КОМЕК МАШИНЕРИ""",DELETE1000
V10-УП-00029721,"ООО ""КОМЕК МАШИНЕРИ""",DELETE1000
V10-УП-00029724,"ООО ""КОМЕК МАШИНЕРИ""",DELETE1000
V10-УП-00029728,"ООО ""КОМЕК МАШИНЕРИ""",DELETE1000
V10-УП-00029740,"ООО ""КОМЕК МАШИНЕРИ""",DELETE1000
V10-УП-00029742,"ООО ""КОМЕК МАШИНЕРИ""",DELETE1000
V10-УП-00029745,"ООО ""КОМЕК МАШИНЕРИ""",DELETE1000
V10-УП-00029748,"ООО ""КОМЕК МАШИНЕРИ""",DELETE1000
V10-УП-00029759,"ООО ""КОМЕК МАШИНЕРИ""",DELETE1000
V10-УП-00029766,"ООО ""КОМЕК МАШИНЕРИ""",DELETE1000
V10-УП-00029770,"ООО ""КОМЕК МАШИНЕРИ""",DELETE1000
V10-УП-00029780,"ООО ""КОМЕК МАШИНЕРИ""",DELETE1000
V10-УП-00029786,"ООО ""КОМЕК МАШИНЕРИ""",DELETE1000
V10-УП-00029799,"ООО ""КОМЕК МАШИНЕРИ""",DELETE1000
V10-УП-00029803,"ООО ""КОМЕК МАШИНЕРИ""",DELETE1000
V10-УП-00029815,"ООО ""КОМЕК МАШИНЕРИ""",DELETE1000
V10-УП-00029829,"ООО ""КОМЕК МАШИНЕРИ""",DELETE1000
V10-УП-00029831,"ООО ""КОМЕК МАШИНЕРИ""",DELETE1000
V10-УП-00029841,"ООО ""КОМЕК МАШИНЕРИ""",DELETE1000
V10-УП-00029852,"ООО ""КОМЕК МАШИНЕРИ""",DELETE1000
V10-УП-00029859,"ООО ""КОМЕК МАШИНЕРИ""",DELETE1000
V10-УП-00029869,"ООО ""КОМЕК МАШИНЕРИ""",DELETE1000
V10-УП-00029881,"ООО ""КОМЕК МАШИНЕРИ""",DELETE1000
V10-УП-00029896,"ООО ""КОМЕК МАШИНЕРИ""",DELETE1000
V10-УП-00029897,"ООО ""КОМЕК МАШИНЕРИ""",DELETE1000
V10-УП-00029898,"ООО ""КОМЕК МАШИНЕРИ""",DELETE1000
V10-УП-00029899,"ООО ""КОМЕК МАШИНЕРИ""",DELETE1000
V10-УП-00029904,"ООО ""КОМЕК МАШИНЕРИ""",DELETE1000
V10-УП-00029908,"ООО ""КОМЕК МАШИНЕРИ""",DELETE1000
V10-УП-00029920,"ООО ""КОМЕК МАШИНЕРИ""",DELETE1000
V10-УП-00029921,"ООО ""КОМЕК МАШИНЕРИ""",DELETE1000
V10-УП-00029923,"ООО ""КОМЕК МАШИНЕРИ""",DELETE1000
V10-УП-00029925,"ООО ""КОМЕК МАШИНЕРИ""",DELETE1000
V10-УП-00029929,"ООО ""КОМЕК МАШИНЕРИ""",DELETE1000
V10-УП-00029931,"ООО ""КОМЕК МАШИНЕРИ""",DELETE1000
V10-УП-00029934,"ООО ""КОМЕК МАШИНЕРИ""",DELETE1000
V10-УП-00029941,"ООО ""КОМЕК МАШИНЕРИ""",DELETE1000
V10-УП-00029944,"ООО ""КОМЕК МАШИНЕРИ""",DELETE1000
V10-УП-00029945,"ООО ""КОМЕК МАШИНЕРИ""",DELETE1000
