Product code,Language,Vendor,Product id,Category,Product name,Features
01010-81245,ru,ИмПарт,7854,Komatsu,01010-81245 БОЛТ С ШЕСТИГРАННОЙ ГОЛОВКОЙ,(Основные характеристики) Бренд: S[KOMATSU]; (Основные характеристики) Страна производитель: S[Япония]; (Основные характеристики) Производитель: S[Komatsu Ltd]; (Основные характеристики) Код производителя: T[01010-81245]; (Основные характеристики) Город: S[Екатеринбург]
01010-81280,ru,ИмПарт,7855,Komatsu,01010-81280 БОЛТ С ШЕСТИГРАННОЙ ГОЛОВКОЙ,(Основные характеристики) Бренд: S[KOMATSU]; (Основные характеристики) Страна производитель: S[Япония]; (Основные характеристики) Производитель: S[Komatsu Ltd]; (Основные характеристики) Код производителя: T[01010-81280]; (Основные характеристики) Город: S[Екатеринбург]
01011-62710,ru,ИмПарт,7856,Komatsu,01011-62710 БОЛТ 27ММ,(Основные характеристики) Бренд: S[KOMATSU]; (Основные характеристики) Страна производитель: S[Япония]; (Основные характеристики) Производитель: S[Komatsu Ltd]; (Основные характеристики) Код производителя: T[01011-62710]; (Основные характеристики) Город: S[Екатеринбург]
01643-22460,ru,ИмПарт,7857,Komatsu,01643-22460 ШАЙБА,(Основные характеристики) Бренд: S[KOMATSU]; (Основные характеристики) Страна производитель: S[Япония]; (Основные характеристики) Производитель: S[Komatsu Ltd]; (Основные характеристики) Код производителя: T[01643-22460]; (Основные характеристики) Город: S[Екатеринбург]
04020-00616,ru,ИмПарт,7858,Komatsu,04020-00616 УСТАНОВОЧНЫЙ ШТИФТ,(Основные характеристики) Бренд: S[KOMATSU]; (Основные характеристики) Страна производитель: S[Япония]; (Основные характеристики) Производитель: S[Komatsu Ltd]; (Основные характеристики) Код производителя: T[04020-00616]; (Основные характеристики) Город: S[Екатеринбург]
04022-20040,ru,ИмПарт,7859,Komatsu,04022-20040 ПАЛЕЦ ФИКСИРУЮЩИЙ СТАЛЬ,(Основные характеристики) Бренд: S[KOMATSU]; (Основные характеристики) Страна производитель: S[Япония]; (Основные характеристики) Производитель: S[Komatsu Ltd]; (Основные характеристики) Код производителя: T[04022-20040]; (Основные характеристики) Город: S[Екатеринбург]
07000-12010,ru,ИмПарт,7860,Komatsu,"07000-12010 ПРОКЛАДКА ТИП ""О""",(Основные характеристики) Бренд: S[KOMATSU]; (Основные характеристики) Страна производитель: S[Япония]; (Основные характеристики) Производитель: S[Komatsu Ltd]; (Основные характеристики) Код производителя: T[07000-12010]; (Основные характеристики) Город: S[Екатеринбург]
07000-15140,ru,ИмПарт,7861,Komatsu,07000-15140 О-КОЛЬЦО,(Основные характеристики) Бренд: S[KOMATSU]; (Основные характеристики) Страна производитель: S[Япония]; (Основные характеристики) Производитель: S[Komatsu Ltd]; (Основные характеристики) Код производителя: T[07000-15140]; (Основные характеристики) Город: S[Екатеринбург]
07000-15210,ru,ИмПарт,7862,Komatsu,07000-15210 О-КОЛЬЦО 07000-05210,(Основные характеристики) Бренд: S[KOMATSU]; (Основные характеристики) Страна производитель: S[Япония]; (Основные характеристики) Производитель: S[Komatsu Ltd]; (Основные характеристики) Код производителя: T[07000-15210]; (Основные характеристики) Город: S[Екатеринбург]
07000-45220,ru,ИмПарт,7863,Komatsu,07000-45220 О-КОЛЬЦО,(Основные характеристики) Бренд: S[KOMATSU]; (Основные характеристики) Страна производитель: S[Япония]; (Основные характеристики) Производитель: S[Komatsu Ltd]; (Основные характеристики) Код производителя: T[07000-45220]; (Основные характеристики) Город: S[Екатеринбург]
07000-55240,ru,ИмПарт,7864,Komatsu,"07000-55240 ПРОКЛАДКА ТИП ""О""",(Основные характеристики) Бренд: S[KOMATSU]; (Основные характеристики) Страна производитель: S[Япония]; (Основные характеристики) Производитель: S[Komatsu Ltd]; (Основные характеристики) Код производителя: T[07000-55240]; (Основные характеристики) Город: S[Екатеринбург]
07000-72075,ru,ИмПарт,7865,Komatsu,"07000-72075 ПРОКЛАДКА ТИП ""О""",(Основные характеристики) Бренд: S[KOMATSU]; (Основные характеристики) Страна производитель: S[Япония]; (Основные характеристики) Производитель: S[Komatsu Ltd]; (Основные характеристики) Код производителя: T[07000-72075]; (Основные характеристики) Город: S[Екатеринбург]
07000-75210,ru,ИмПарт,7866,Komatsu,07000-75210 О-КОЛЬЦО,(Основные характеристики) Бренд: S[KOMATSU]; (Основные характеристики) Страна производитель: S[Япония]; (Основные характеристики) Производитель: S[Komatsu Ltd]; (Основные характеристики) Код производителя: T[07000-75210]; (Основные характеристики) Город: S[Екатеринбург]
07002-51423,ru,ИмПарт,7867,Komatsu,"07002-51423 ПРОКЛАДКА ТИП ""О""",(Основные характеристики) Бренд: S[KOMATSU]; (Основные характеристики) Страна производитель: S[Япония]; (Основные характеристики) Производитель: S[Komatsu Ltd]; (Основные характеристики) Код производителя: T[07002-51423]; (Основные характеристики) Город: S[Екатеринбург]
07102-30412,ru,ИмПарт,7868,Komatsu,07102-30412 ШЛАНГ,(Основные характеристики) Бренд: S[KOMATSU]; (Основные характеристики) Страна производитель: S[Япония]; (Основные характеристики) Производитель: S[Komatsu Ltd]; (Основные характеристики) Код производителя: T[07102-30412]; (Основные характеристики) Город: S[Екатеринбург]
07102-30512,ru,ИмПарт,7869,Komatsu,07102-30512 ШЛАНГ,(Основные характеристики) Бренд: S[KOMATSU]; (Основные характеристики) Страна производитель: S[Япония]; (Основные характеристики) Производитель: S[Komatsu Ltd]; (Основные характеристики) Код производителя: T[07102-30512]; (Основные характеристики) Город: S[Екатеринбург]
07122-11019,ru,ИмПарт,7870,Komatsu,07122-11019 ШЛАНГ,(Основные характеристики) Бренд: S[KOMATSU]; (Основные характеристики) Страна производитель: S[Япония]; (Основные характеристики) Производитель: S[Komatsu Ltd]; (Основные характеристики) Код производителя: T[07122-11019]; (Основные характеристики) Город: S[Екатеринбург]
07123-10515,ru,ИмПарт,7871,Komatsu,07123-10515 ШЛАНГ,(Основные характеристики) Бренд: S[KOMATSU]; (Основные характеристики) Страна производитель: S[Япония]; (Основные характеристики) Производитель: S[Komatsu Ltd]; (Основные характеристики) Код производителя: T[07123-10515]; (Основные характеристики) Город: S[Екатеринбург]
07124-11006,ru,ИмПарт,7872,Komatsu,07124-11006 ШЛАНГ,(Основные характеристики) Бренд: S[KOMATSU]; (Основные характеристики) Страна производитель: S[Япония]; (Основные характеристики) Производитель: S[Komatsu Ltd]; (Основные характеристики) Код производителя: T[07124-11006]; (Основные характеристики) Город: S[Екатеринбург]
07124-11009,ru,ИмПарт,7873,Komatsu,07124-11009 ШЛАНГ,(Основные характеристики) Бренд: S[KOMATSU]; (Основные характеристики) Страна производитель: S[Япония]; (Основные характеристики) Производитель: S[Komatsu Ltd]; (Основные характеристики) Код производителя: T[07124-11009]; (Основные характеристики) Город: S[Екатеринбург]
07125-31215,ru,ИмПарт,7874,Komatsu,07125-31215 ШЛАНГ,(Основные характеристики) Бренд: S[KOMATSU]; (Основные характеристики) Страна производитель: S[Япония]; (Основные характеристики) Производитель: S[Komatsu Ltd]; (Основные характеристики) Код производителя: T[07125-31215]; (Основные характеристики) Город: S[Екатеринбург]
07126-11010,ru,ИмПарт,7875,Komatsu,07126-11010 ШЛАНГ,(Основные характеристики) Бренд: S[KOMATSU]; (Основные характеристики) Страна производитель: S[Япония]; (Основные характеристики) Производитель: S[Komatsu Ltd]; (Основные характеристики) Код производителя: T[07126-11010]; (Основные характеристики) Город: S[Екатеринбург]
07179-13126,ru,ИмПарт,7876,Komatsu,07179-13126 УПЛОТНИТЕЛЬНОЕ КОЛЬЦО,(Основные характеристики) Бренд: S[KOMATSU]; (Основные характеристики) Страна производитель: S[Япония]; (Основные характеристики) Производитель: S[Komatsu Ltd]; (Основные характеристики) Код производителя: T[07179-13126]; (Основные характеристики) Город: S[Екатеринбург]
07206-31014,ru,ИмПарт,7877,Komatsu,07206-31014 БОЛТ,(Основные характеристики) Бренд: S[KOMATSU]; (Основные характеристики) Страна производитель: S[Япония]; (Основные характеристики) Производитель: S[Komatsu Ltd]; (Основные характеристики) Код производителя: T[07206-31014]; (Основные характеристики) Город: S[Екатеринбург]
07621-10307,ru,ИмПарт,7878,Komatsu,07621-10307 ШЛАНГ,(Основные характеристики) Бренд: S[KOMATSU]; (Основные характеристики) Страна производитель: S[Япония]; (Основные характеристики) Производитель: S[Komatsu Ltd]; (Основные характеристики) Код производителя: T[07621-10307]; (Основные характеристики) Город: S[Екатеринбург]
07623-10314,ru,ИмПарт,7879,Komatsu,07623-10314 ШЛАНГ,(Основные характеристики) Бренд: S[KOMATSU]; (Основные характеристики) Страна производитель: S[Япония]; (Основные характеристики) Производитель: S[Komatsu Ltd]; (Основные характеристики) Код производителя: T[07623-10314]; (Основные характеристики) Город: S[Екатеринбург]
09485-06503,ru,ИмПарт,7880,Komatsu,09485-06503 ШЛАНГ,(Основные характеристики) Бренд: S[KOMATSU]; (Основные характеристики) Страна производитель: S[Япония]; (Основные характеристики) Производитель: S[Komatsu Ltd]; (Основные характеристики) Код производителя: T[09485-06503]; (Основные характеристики) Город: S[Екатеринбург]
09485-06505,ru,ИмПарт,7881,Komatsu,09485-06505 ШЛАНГ,(Основные характеристики) Бренд: S[KOMATSU]; (Основные характеристики) Страна производитель: S[Япония]; (Основные характеристики) Производитель: S[Komatsu Ltd]; (Основные характеристики) Код производителя: T[09485-06505]; (Основные характеристики) Город: S[Екатеринбург]
176-911-4720,ru,ИмПарт,7882,Komatsu,176-911-4720 ШЛАНГ,(Основные характеристики) Бренд: S[KOMATSU]; (Основные характеристики) Страна производитель: S[Япония]; (Основные характеристики) Производитель: S[Komatsu Ltd]; (Основные характеристики) Код производителя: T[176-911-4720]; (Основные характеристики) Город: S[Екатеринбург]
17M-911-2480,ru,ИмПарт,7883,Komatsu,17M-911-2480 ШЛАНГ,(Основные характеристики) Бренд: S[KOMATSU]; (Основные характеристики) Страна производитель: S[Япония]; (Основные характеристики) Производитель: S[Komatsu Ltd]; (Основные характеристики) Код производителя: T[17M-911-2480]; (Основные характеристики) Город: S[Екатеринбург]
195-03-15220,ru,ИмПарт,7884,Komatsu,195-03-15220 ШЛАНГ,(Основные характеристики) Бренд: S[KOMATSU]; (Основные характеристики) Страна производитель: S[Япония]; (Основные характеристики) Производитель: S[Komatsu Ltd]; (Основные характеристики) Код производителя: T[195-03-15220]; (Основные характеристики) Город: S[Екатеринбург]
195-03-43190,ru,ИмПарт,7885,Komatsu,195-03-43190 ШЛАНГ РЕЗИНА/ТЕКСТИЛЬ С ФИТИНГАМИ,(Основные характеристики) Бренд: S[KOMATSU]; (Основные характеристики) Страна производитель: S[Япония]; (Основные характеристики) Производитель: S[Komatsu Ltd]; (Основные характеристики) Код производителя: T[195-03-43190]; (Основные характеристики) Город: S[Екатеринбург]
195-03-57231,ru,ИмПарт,7886,Komatsu,195-03-57231 ШЛАНГ,(Основные характеристики) Бренд: S[KOMATSU]; (Основные характеристики) Страна производитель: S[Япония]; (Основные характеристики) Производитель: S[Komatsu Ltd]; (Основные характеристики) Код производителя: T[195-03-57231]; (Основные характеристики) Город: S[Екатеринбург]
195-27-12467,ru,ИмПарт,7887,Komatsu,195-27-12467 НАБОР СЕГМЕНТОВ (9 шт х 195-27-12467),(Основные характеристики) Бренд: S[KOMATSU]; (Основные характеристики) Страна производитель: S[Япония]; (Основные характеристики) Производитель: S[Komatsu Ltd]; (Основные характеристики) Код производителя: T[195-27-12467]; (Основные характеристики) Город: S[Екатеринбург]
195-27-33141,ru,ИмПарт,7888,Komatsu,195-27-33141 ГАЙКА 31ММ,(Основные характеристики) Бренд: S[KOMATSU]; (Основные характеристики) Страна производитель: S[Япония]; (Основные характеристики) Производитель: S[Komatsu Ltd]; (Основные характеристики) Код производителя: T[195-27-33141]; (Основные характеристики) Город: S[Екатеринбург]
195-30-31231,ru,ИмПарт,7889,Komatsu,195-30-31231 УПЛОТНЕНИЕ РЕЗИНА/МЕТАЛЛ,(Основные характеристики) Бренд: S[KOMATSU]; (Основные характеристики) Страна производитель: S[Япония]; (Основные характеристики) Производитель: S[Komatsu Ltd]; (Основные характеристики) Код производителя: T[195-30-31231]; (Основные характеристики) Город: S[Екатеринбург]
195-30-31250,ru,ИмПарт,7890,Komatsu,195-30-31250 УПЛОТНЕНИЕ РЕЗИНОВОЕ,(Основные характеристики) Бренд: S[KOMATSU]; (Основные характеристики) Страна производитель: S[Япония]; (Основные характеристики) Производитель: S[Komatsu Ltd]; (Основные характеристики) Код производителя: T[195-30-31250]; (Основные характеристики) Город: S[Екатеринбург]
195-30-34220,ru,ИмПарт,7891,Komatsu,195-30-34220 НАПРАВЛЯЮЩАЯ,(Основные характеристики) Бренд: S[KOMATSU]; (Основные характеристики) Страна производитель: S[Япония]; (Основные характеристики) Производитель: S[Komatsu Ltd]; (Основные характеристики) Код производителя: T[195-30-34220]; (Основные характеристики) Город: S[Екатеринбург]
195-30-34360,ru,ИмПарт,7892,Komatsu,195-30-34360 КРЫШКА,(Основные характеристики) Бренд: S[KOMATSU]; (Основные характеристики) Страна производитель: S[Япония]; (Основные характеристики) Производитель: S[Komatsu Ltd]; (Основные характеристики) Код производителя: T[195-30-34360]; (Основные характеристики) Город: S[Екатеринбург]
195-30-51431,ru,ИмПарт,7893,Komatsu,195-30-51431 ДЕРЖАТЕЛЬ,(Основные характеристики) Бренд: S[KOMATSU]; (Основные характеристики) Страна производитель: S[Япония]; (Основные характеристики) Производитель: S[Komatsu Ltd]; (Основные характеристики) Код производителя: T[195-30-51431]; (Основные характеристики) Город: S[Екатеринбург]
195-30-51450,ru,ИмПарт,7894,Komatsu,195-30-51450 ПРОВОДНИК,(Основные характеристики) Бренд: S[KOMATSU]; (Основные характеристики) Страна производитель: S[Япония]; (Основные характеристики) Производитель: S[Komatsu Ltd]; (Основные характеристики) Код производителя: T[195-30-51450]; (Основные характеристики) Город: S[Екатеринбург]
195-30-51470,ru,ИмПарт,7895,Komatsu,195-30-51470 НАПРАВЛЯЮЩАЯ СТАЛЬ,(Основные характеристики) Бренд: S[KOMATSU]; (Основные характеристики) Страна производитель: S[Япония]; (Основные характеристики) Производитель: S[Komatsu Ltd]; (Основные характеристики) Код производителя: T[195-30-51470]; (Основные характеристики) Город: S[Екатеринбург]
195-30-62141,ru,ИмПарт,7896,Komatsu,195-30-62141 КРЫШКА ОПОРЫ ОСИ,(Основные характеристики) Бренд: S[KOMATSU]; (Основные характеристики) Страна производитель: S[Япония]; (Основные характеристики) Производитель: S[Komatsu Ltd]; (Основные характеристики) Код производителя: T[195-30-62141]; (Основные характеристики) Город: S[Екатеринбург]
195-30-64241,ru,ИмПарт,7897,Komatsu,195-30-64241 БОЛТ,(Основные характеристики) Бренд: S[KOMATSU]; (Основные характеристики) Страна производитель: S[Япония]; (Основные характеристики) Производитель: S[Komatsu Ltd]; (Основные характеристики) Код производителя: T[195-30-64241]; (Основные характеристики) Город: S[Екатеринбург]
195-30-64251,ru,ИмПарт,7898,Komatsu,195-30-64251 РАСПОРНАЯ ВТУЛКА,(Основные характеристики) Бренд: S[KOMATSU]; (Основные характеристики) Страна производитель: S[Япония]; (Основные характеристики) Производитель: S[Komatsu Ltd]; (Основные характеристики) Код производителя: T[195-30-64251]; (Основные характеристики) Город: S[Екатеринбург]
195-30-71720,ru,ИмПарт,7899,Komatsu,195-30-71720 УПЛОТНЕНИЕ РЕЗИНА/МЕТАЛЛ,(Основные характеристики) Бренд: S[KOMATSU]; (Основные характеристики) Страна производитель: S[Япония]; (Основные характеристики) Производитель: S[Komatsu Ltd]; (Основные характеристики) Код производителя: T[195-30-71720]; (Основные характеристики) Город: S[Екатеринбург]
195-32-61350,ru,ИмПарт,7900,Komatsu,195-32-61350 БОЛТ 13ММ,(Основные характеристики) Бренд: S[KOMATSU]; (Основные характеристики) Страна производитель: S[Япония]; (Основные характеристики) Производитель: S[Komatsu Ltd]; (Основные характеристики) Код производителя: T[195-32-61350]; (Основные характеристики) Город: S[Екатеринбург]
195-40-00901,ru,ИмПарт,7901,Komatsu,195-40-00901 КЛАПАН РЕГУЛИРУЮЩИЙ МАСЛОГИДРАВЛИЧЕСКОЙ ТРАНСМИССИИ,(Основные характеристики) Бренд: S[KOMATSU]; (Основные характеристики) Страна производитель: S[Япония]; (Основные характеристики) Производитель: S[Komatsu Ltd]; (Основные характеристики) Код производителя: T[195-40-00901]; (Основные характеристики) Город: S[Екатеринбург]
195-43-45970,ru,ИмПарт,7902,Komatsu,195-43-45970 ШТОК В СБОРЕ,(Основные характеристики) Бренд: S[KOMATSU]; (Основные характеристики) Страна производитель: S[Япония]; (Основные характеристики) Производитель: S[Komatsu Ltd]; (Основные характеристики) Код производителя: T[195-43-45970]; (Основные характеристики) Город: S[Екатеринбург]
195-43-49130,ru,ИмПарт,7903,Komatsu,195-43-49130 КОМПЛЕКТ КАБЕЛЕЙ,(Основные характеристики) Бренд: S[KOMATSU]; (Основные характеристики) Страна производитель: S[Япония]; (Основные характеристики) Производитель: S[Komatsu Ltd]; (Основные характеристики) Код производителя: T[195-43-49130]; (Основные характеристики) Город: S[Екатеринбург]
195-50-22190,ru,ИмПарт,7904,Komatsu,195-50-22190 ПОДШИПНИК СКОЛЬЖЕНИЯ,(Основные характеристики) Бренд: S[KOMATSU]; (Основные характеристики) Страна производитель: S[Япония]; (Основные характеристики) Производитель: S[Komatsu Ltd]; (Основные характеристики) Код производителя: T[195-50-22190]; (Основные характеристики) Город: S[Екатеринбург]
195-50-22210,ru,ИмПарт,7905,Komatsu,195-50-22210 ПОДШИПНИК СКОЛЬЖЕНИЯ,(Основные характеристики) Бренд: S[KOMATSU]; (Основные характеристики) Страна производитель: S[Япония]; (Основные характеристики) Производитель: S[Komatsu Ltd]; (Основные характеристики) Код производителя: T[195-50-22210]; (Основные характеристики) Город: S[Екатеринбург]
195-50-22231,ru,ИмПарт,7906,Komatsu,195-50-22231 ПРОКЛАДКА,(Основные характеристики) Бренд: S[KOMATSU]; (Основные характеристики) Страна производитель: S[Япония]; (Основные характеристики) Производитель: S[Komatsu Ltd]; (Основные характеристики) Код производителя: T[195-50-22231]; (Основные характеристики) Город: S[Екатеринбург]
195-50-41120,ru,ИмПарт,7907,Komatsu,195-50-41120 КРЕПЕЖНАЯ ОСЬ,(Основные характеристики) Бренд: S[KOMATSU]; (Основные характеристики) Страна производитель: S[Япония]; (Основные характеристики) Производитель: S[Komatsu Ltd]; (Основные характеристики) Код производителя: T[195-50-41120]; (Основные характеристики) Город: S[Екатеринбург]
195-50-41132,ru,ИмПарт,7908,Komatsu,195-50-41132 ВТУЛКА,(Основные характеристики) Бренд: S[KOMATSU]; (Основные характеристики) Страна производитель: S[Япония]; (Основные характеристики) Производитель: S[Komatsu Ltd]; (Основные характеристики) Код производителя: T[195-50-41132]; (Основные характеристики) Город: S[Екатеринбург]
195-50-41161,ru,ИмПарт,7909,Komatsu,195-50-41161 ПОДШИПНИК СКОЛЬЖЕНИЯ ТРАНСМИССИИ,(Основные характеристики) Бренд: S[KOMATSU]; (Основные характеристики) Страна производитель: S[Япония]; (Основные характеристики) Производитель: S[Komatsu Ltd]; (Основные характеристики) Код производителя: T[195-50-41161]; (Основные характеристики) Город: S[Екатеринбург]
195-61-42430,ru,ИмПарт,7910,Komatsu,195-61-42430 ШЛАНГ,(Основные характеристики) Бренд: S[KOMATSU]; (Основные характеристики) Страна производитель: S[Япония]; (Основные характеристики) Производитель: S[Komatsu Ltd]; (Основные характеристики) Код производителя: T[195-61-42430]; (Основные характеристики) Город: S[Екатеринбург]
195-61-49360,ru,ИмПарт,7911,Komatsu,195-61-49360 ШЛАНГ,(Основные характеристики) Бренд: S[KOMATSU]; (Основные характеристики) Страна производитель: S[Япония]; (Основные характеристики) Производитель: S[Komatsu Ltd]; (Основные характеристики) Код производителя: T[195-61-49360]; (Основные характеристики) Город: S[Екатеринбург]
195-71-11512,ru,ИмПарт,7912,Komatsu,195-71-11512 ГАЙКА,(Основные характеристики) Бренд: S[KOMATSU]; (Основные характеристики) Страна производитель: S[Япония]; (Основные характеристики) Производитель: S[Komatsu Ltd]; (Основные характеристики) Код производителя: T[195-71-11512]; (Основные характеристики) Город: S[Екатеринбург]
195-71-51191,ru,ИмПарт,7913,Komatsu,195-71-51191 КОРОМЫСЛО МЕХАН. ТЯГИ,(Основные характеристики) Бренд: S[KOMATSU]; (Основные характеристики) Страна производитель: S[Япония]; (Основные характеристики) Производитель: S[Komatsu Ltd]; (Основные характеристики) Код производителя: T[195-71-51191]; (Основные характеристики) Город: S[Екатеринбург]
195-71-52140,ru,ИмПарт,7914,Komatsu,195-71-52140 ФЛАНЕЦ,(Основные характеристики) Бренд: S[KOMATSU]; (Основные характеристики) Страна производитель: S[Япония]; (Основные характеристики) Производитель: S[Komatsu Ltd]; (Основные характеристики) Код производителя: T[195-71-52140]; (Основные характеристики) Город: S[Екатеринбург]
195-71-62260,ru,ИмПарт,7915,Komatsu,195-71-62260 ШЛАНГ,(Основные характеристики) Бренд: S[KOMATSU]; (Основные характеристики) Страна производитель: S[Япония]; (Основные характеристики) Производитель: S[Komatsu Ltd]; (Основные характеристики) Код производителя: T[195-71-62260]; (Основные характеристики) Город: S[Екатеринбург]
195-71-62710,ru,ИмПарт,7916,Komatsu,195-71-62710 ШЛАНГ,(Основные характеристики) Бренд: S[KOMATSU]; (Основные характеристики) Страна производитель: S[Япония]; (Основные характеристики) Производитель: S[Komatsu Ltd]; (Основные характеристики) Код производителя: T[195-71-62710]; (Основные характеристики) Город: S[Екатеринбург]
195-71-62720,ru,ИмПарт,7917,Komatsu,195-71-62720 ШЛАНГ,(Основные характеристики) Бренд: S[KOMATSU]; (Основные характеристики) Страна производитель: S[Япония]; (Основные характеристики) Производитель: S[Komatsu Ltd]; (Основные характеристики) Код производителя: T[195-71-62720]; (Основные характеристики) Город: S[Екатеринбург]
195-78-71190,ru,ИмПарт,7918,Komatsu,195-78-71190 ПАЛЕЦ ФИКСИРУЮЩИЙ СТАЛЬ,(Основные характеристики) Бренд: S[KOMATSU]; (Основные характеристики) Страна производитель: S[Япония]; (Основные характеристики) Производитель: S[Komatsu Ltd]; (Основные характеристики) Код производителя: T[195-78-71190]; (Основные характеристики) Город: S[Екатеринбург]
195-78-71210,ru,ИмПарт,7919,Komatsu,195-78-71210 ПАЛЕЦ,(Основные характеристики) Бренд: S[KOMATSU]; (Основные характеристики) Страна производитель: S[Япония]; (Основные характеристики) Производитель: S[Komatsu Ltd]; (Основные характеристики) Код производителя: T[195-78-71210]; (Основные характеристики) Город: S[Екатеринбург]
195-79-52140,ru,ИмПарт,7920,Komatsu,195-79-52140 ПАЛЕЦ,(Основные характеристики) Бренд: S[KOMATSU]; (Основные характеристики) Страна производитель: S[Япония]; (Основные характеристики) Производитель: S[Komatsu Ltd]; (Основные характеристики) Код производителя: T[195-79-52140]; (Основные характеристики) Город: S[Екатеринбург]
198-30-14233,ru,ИмПарт,7921,Komatsu,198-30-14233 ГАЙКА,(Основные характеристики) Бренд: S[KOMATSU]; (Основные характеристики) Страна производитель: S[Япония]; (Основные характеристики) Производитель: S[Komatsu Ltd]; (Основные характеристики) Код производителя: T[198-30-14233]; (Основные характеристики) Город: S[Екатеринбург]
198-30-14242,ru,ИмПарт,7922,Komatsu,198-30-14242 НАКЛАДКА,(Основные характеристики) Бренд: S[KOMATSU]; (Основные характеристики) Страна производитель: S[Япония]; (Основные характеристики) Производитель: S[Komatsu Ltd]; (Основные характеристики) Код производителя: T[198-30-14242]; (Основные характеристики) Город: S[Екатеринбург]
198-Z11-2540,ru,ИмПарт,7923,Komatsu,198-Z11-2540 ЭЛЕКТРОМОТОР СТЕКЛООЧИСТИТЕЛЯ,(Основные характеристики) Бренд: S[KOMATSU]; (Основные характеристики) Страна производитель: S[Япония]; (Основные характеристики) Производитель: S[Komatsu Ltd]; (Основные характеристики) Код производителя: T[198-Z11-2540]; (Основные характеристики) Город: S[Екатеринбург]
198-Z11-5620,ru,ИмПарт,7924,Komatsu,198-Z11-5620 ЭЛЕКТРОМОТОР СТЕКЛООЧИСТИТЕЛЯ,(Основные характеристики) Бренд: S[KOMATSU]; (Основные характеристики) Страна производитель: S[Япония]; (Основные характеристики) Производитель: S[Komatsu Ltd]; (Основные характеристики) Код производителя: T[198-Z11-5620]; (Основные характеристики) Город: S[Екатеринбург]
19M-43-15350,ru,ИмПарт,7925,Komatsu,19M-43-15350 КАБЕЛЬ,(Основные характеристики) Бренд: S[KOMATSU]; (Основные характеристики) Страна производитель: S[Япония]; (Основные характеристики) Производитель: S[Komatsu Ltd]; (Основные характеристики) Код производителя: T[19M-43-15350]; (Основные характеристики) Город: S[Екатеринбург]
207-30-53160,ru,ИмПарт,7926,Komatsu,207-30-53160 ПАЛЕЦ КРЕПЛЕНИЯ НАПРАВЛЯЮЩЕГО КОЛЕСА,(Основные характеристики) Бренд: S[KOMATSU]; (Основные характеристики) Страна производитель: S[Япония]; (Основные характеристики) Производитель: S[Komatsu Ltd]; (Основные характеристики) Код производителя: T[207-30-53160]; (Основные характеристики) Город: S[Екатеринбург]
207-46-12141,ru,ИмПарт,7927,Komatsu,207-46-12141 БОЛТ С ШЕСТИГРАННОЙ ГОЛОВКОЙ,(Основные характеристики) Бренд: S[KOMATSU]; (Основные характеристики) Страна производитель: S[Япония]; (Основные характеристики) Производитель: S[Komatsu Ltd]; (Основные характеристики) Код производителя: T[207-46-12141]; (Основные характеристики) Город: S[Екатеринбург]
208-27-71290,ru,ИмПарт,7928,Komatsu,208-27-71290 ШАЙБА,(Основные характеристики) Бренд: S[KOMATSU]; (Основные характеристики) Страна производитель: S[Япония]; (Основные характеристики) Производитель: S[Komatsu Ltd]; (Основные характеристики) Код производителя: T[208-27-71290]; (Основные характеристики) Город: S[Екатеринбург]
20Y-60-21470,ru,ИмПарт,7929,Komatsu,20Y-60-21470 ФИЛЬТР,(Основные характеристики) Бренд: S[KOMATSU]; (Основные характеристики) Страна производитель: S[Япония]; (Основные характеристики) Производитель: S[Komatsu Ltd]; (Основные характеристики) Код производителя: T[20Y-60-21470]; (Основные характеристики) Город: S[Екатеринбург]
20Y-62-19560,ru,ИмПарт,7930,Komatsu,"20Y-62-19560 ПРОКЛАДКА ТИП ""О""",(Основные характеристики) Бренд: S[KOMATSU]; (Основные характеристики) Страна производитель: S[Япония]; (Основные характеристики) Производитель: S[Komatsu Ltd]; (Основные характеристики) Код производителя: T[20Y-62-19560]; (Основные характеристики) Город: S[Екатеринбург]
21N-72-11152,ru,ИмПарт,7931,Komatsu,21N-72-11152 ОСЬ КРЕПЕЖНАЯ СТАЛЬ,(Основные характеристики) Бренд: S[KOMATSU]; (Основные характеристики) Страна производитель: S[Япония]; (Основные характеристики) Производитель: S[Komatsu Ltd]; (Основные характеристики) Код производителя: T[21N-72-11152]; (Основные характеристики) Город: S[Екатеринбург]
425-847-1191,ru,ИмПарт,7932,Komatsu,425-847-1191 АДАПТЕР,(Основные характеристики) Бренд: S[KOMATSU]; (Основные характеристики) Страна производитель: S[Япония]; (Основные характеристики) Производитель: S[Komatsu Ltd]; (Основные характеристики) Код производителя: T[425-847-1191]; (Основные характеристики) Город: S[Екатеринбург]
425-847-1211,ru,ИмПарт,7933,Komatsu,425-847-1211 АДАПТЕР ЛЕВЫЙ,(Основные характеристики) Бренд: S[KOMATSU]; (Основные характеристики) Страна производитель: S[Япония]; (Основные характеристики) Производитель: S[Komatsu Ltd]; (Основные характеристики) Код производителя: T[425-847-1211]; (Основные характеристики) Город: S[Екатеринбург]
425-847-1221,ru,ИмПарт,7934,Komatsu,425-847-1221 АДАПТЕР ПРАВЫЙ,(Основные характеристики) Бренд: S[KOMATSU]; (Основные характеристики) Страна производитель: S[Япония]; (Основные характеристики) Производитель: S[Komatsu Ltd]; (Основные характеристики) Код производителя: T[425-847-1221]; (Основные характеристики) Город: S[Екатеринбург]
600-185-6100,ru,ИмПарт,7935,Komatsu,600-185-6100 ФИЛЬТР В СБОРЕ 600-185-6110,(Основные характеристики) Бренд: S[KOMATSU]; (Основные характеристики) Страна производитель: S[Япония]; (Основные характеристики) Производитель: S[Komatsu Ltd]; (Основные характеристики) Код производителя: T[600-185-6100]; (Основные характеристики) Город: S[Екатеринбург]
600-319-3550,ru,ИмПарт,7936,Komatsu,600-319-3550 ФИЛЬТР ТОПЛИВНЫЙ ,(Основные характеристики) Бренд: S[KOMATSU]; (Основные характеристики) Страна производитель: S[Япония]; (Основные характеристики) Производитель: S[Komatsu Ltd]; (Основные характеристики) Код производителя: T[600-319-3550]; (Основные характеристики) Город: S[Екатеринбург]
600-821-9631,ru,ИмПарт,7937,Komatsu,600-821-9631 ГЕНЕРАТОР,(Основные характеристики) Бренд: S[KOMATSU]; (Основные характеристики) Страна производитель: S[Япония]; (Основные характеристики) Производитель: S[Komatsu Ltd]; (Основные характеристики) Код производителя: T[600-821-9631]; (Основные характеристики) Город: S[Екатеринбург]
6162-15-1610,ru,ИмПарт,7938,Komatsu,6162-15-1610 БОЛТ,(Основные характеристики) Бренд: S[KOMATSU]; (Основные характеристики) Страна производитель: S[Япония]; (Основные характеристики) Производитель: S[Komatsu Ltd]; (Основные характеристики) Код производителя: T[6162-15-1610]; (Основные характеристики) Город: S[Екатеринбург]
6162-75-7110,ru,ИмПарт,7939,Komatsu,6162-75-7110 ТРУБКА,(Основные характеристики) Бренд: S[KOMATSU]; (Основные характеристики) Страна производитель: S[Япония]; (Основные характеристики) Производитель: S[Komatsu Ltd]; (Основные характеристики) Код производителя: T[6162-75-7110]; (Основные характеристики) Город: S[Екатеринбург]
6162-75-7120,ru,ИмПарт,7940,Komatsu,6162-75-7120 ТРУБКА,(Основные характеристики) Бренд: S[KOMATSU]; (Основные характеристики) Страна производитель: S[Япония]; (Основные характеристики) Производитель: S[Komatsu Ltd]; (Основные характеристики) Код производителя: T[6162-75-7120]; (Основные характеристики) Город: S[Екатеринбург]
6162-75-7140,ru,ИмПарт,7941,Komatsu,6162-75-7140 ТРУБКА,(Основные характеристики) Бренд: S[KOMATSU]; (Основные характеристики) Страна производитель: S[Япония]; (Основные характеристики) Производитель: S[Komatsu Ltd]; (Основные характеристики) Код производителя: T[6162-75-7140]; (Основные характеристики) Город: S[Екатеринбург]
6505-61-5030,ru,ИмПарт,7942,Komatsu,6505-61-5030 ТУРБОКОМПРЕССОР,(Основные характеристики) Бренд: S[KOMATSU]; (Основные характеристики) Страна производитель: S[Япония]; (Основные характеристики) Производитель: S[Komatsu Ltd]; (Основные характеристики) Код производителя: T[6505-61-5030]; (Основные характеристики) Город: S[Екатеринбург]
6742-01-1520,ru,ИмПарт,7943,Komatsu,6742-01-1520 ПРОКЛАДКА,(Основные характеристики) Бренд: S[KOMATSU]; (Основные характеристики) Страна производитель: S[Япония]; (Основные характеристики) Производитель: S[Komatsu Ltd]; (Основные характеристики) Код производителя: T[6742-01-1520]; (Основные характеристики) Город: S[Екатеринбург]
702-16-01531,ru,ИмПарт,7944,Komatsu,702-16-01531 КЛАПАН,(Основные характеристики) Бренд: S[KOMATSU]; (Основные характеристики) Страна производитель: S[Япония]; (Основные характеристики) Производитель: S[Komatsu Ltd]; (Основные характеристики) Код производителя: T[702-16-01531]; (Основные характеристики) Город: S[Екатеринбург]
705-58-44050,ru,ИмПарт,7945,Komatsu,705-58-44050 НАСОС ГИДРАВЛИЧЕСКИЙ,(Основные характеристики) Бренд: S[KOMATSU]; (Основные характеристики) Страна производитель: S[Япония]; (Основные характеристики) Производитель: S[Komatsu Ltd]; (Основные характеристики) Код производителя: T[705-58-44050]; (Основные характеристики) Город: S[Екатеринбург]
707-98-56625,ru,ИмПарт,7946,Komatsu,707-98-56625 РЕМ.КОМПЛЕКТ ЦИЛИНДРА ОТВАЛА,(Основные характеристики) Бренд: S[KOMATSU]; (Основные характеристики) Страна производитель: S[Япония]; (Основные характеристики) Производитель: S[Komatsu Ltd]; (Основные характеристики) Код производителя: T[707-98-56625]; (Основные характеристики) Город: S[Екатеринбург]
707-99-74110,ru,ИмПарт,7947,Komatsu,707-99-74110 НАБОР УПЛОТНЕНИЙ ТРАСМИССИИ (РЕЗИНА РЕЗИНА/МЕТАЛЛ),(Основные характеристики) Бренд: S[KOMATSU]; (Основные характеристики) Страна производитель: S[Япония]; (Основные характеристики) Производитель: S[Komatsu Ltd]; (Основные характеристики) Код производителя: T[707-99-74110]; (Основные характеристики) Город: S[Екатеринбург]
707-99-74420,ru,ИмПарт,7948,Komatsu,707-99-74420 КОМПЛЕКТ УПЛОТНЕНИЙ ГИДРОЦИЛИНДРА,(Основные характеристики) Бренд: S[KOMATSU]; (Основные характеристики) Страна производитель: S[Япония]; (Основные характеристики) Производитель: S[Komatsu Ltd]; (Основные характеристики) Код производителя: T[707-99-74420]; (Основные характеристики) Город: S[Екатеринбург]
707-99-74430,ru,ИмПарт,7949,Komatsu,707-99-74430 КОМПЛЕКТ УПЛОТНЕНИЙ ГИДРОЦИЛИНДРА,(Основные характеристики) Бренд: S[KOMATSU]; (Основные характеристики) Страна производитель: S[Япония]; (Основные характеристики) Производитель: S[Komatsu Ltd]; (Основные характеристики) Код производителя: T[707-99-74430]; (Основные характеристики) Город: S[Екатеринбург]
708-23-00930,ru,ИмПарт,7950,Komatsu,708-23-00930 РАЗГРУЗОЧНЫЙ КЛАПАН,(Основные характеристики) Бренд: S[KOMATSU]; (Основные характеристики) Страна производитель: S[Япония]; (Основные характеристики) Производитель: S[Komatsu Ltd]; (Основные характеристики) Код производителя: T[708-23-00930]; (Основные характеристики) Город: S[Екатеринбург]
709-62-12101,ru,ИмПарт,7951,Komatsu,709-62-12101 КЛАПАН,(Основные характеристики) Бренд: S[KOMATSU]; (Основные характеристики) Страна производитель: S[Япония]; (Основные характеристики) Производитель: S[Komatsu Ltd]; (Основные характеристики) Код производителя: T[709-62-12101]; (Основные характеристики) Город: S[Екатеринбург]
709-63-11600,ru,ИмПарт,7952,Komatsu,709-63-11600 КОНТРОЛЬНЫЙ КЛАПАН,(Основные характеристики) Бренд: S[KOMATSU]; (Основные характеристики) Страна производитель: S[Япония]; (Основные характеристики) Производитель: S[Komatsu Ltd]; (Основные характеристики) Код производителя: T[709-63-11600]; (Основные характеристики) Город: S[Екатеринбург]
711-60-26701,ru,ИмПарт,7953,Komatsu,711-60-26701 КЛАПАН В СБОРЕ,(Основные характеристики) Бренд: S[KOMATSU]; (Основные характеристики) Страна производитель: S[Япония]; (Основные характеристики) Производитель: S[Komatsu Ltd]; (Основные характеристики) Код производителя: T[711-60-26701]; (Основные характеристики) Город: S[Екатеринбург]
723-40-72700,ru,ИмПарт,7954,Komatsu,723-40-72700 КЛАПАН РЕГУЛИРОВКИ ДАВЛЕНИЯ,(Основные характеристики) Бренд: S[KOMATSU]; (Основные характеристики) Страна производитель: S[Япония]; (Основные характеристики) Производитель: S[Komatsu Ltd]; (Основные характеристики) Код производителя: T[723-40-72700]; (Основные характеристики) Город: S[Екатеринбург]
723-40-92701,ru,ИмПарт,7955,Komatsu,723-40-92701 КЛАПАН РАЗГРУЗОЧНЫЙ В СБОРЕ,(Основные характеристики) Бренд: S[KOMATSU]; (Основные характеристики) Страна производитель: S[Япония]; (Основные характеристики) Производитель: S[Komatsu Ltd]; (Основные характеристики) Код производителя: T[723-40-92701]; (Основные характеристики) Город: S[Екатеринбург]
K1040M25,ru,ИмПарт,7956,Komatsu,K1040M25 АДАПТЕР ,(Основные характеристики) Бренд: S[KOMATSU]; (Основные характеристики) Страна производитель: S[Япония]; (Основные характеристики) Производитель: S[Komatsu Ltd]; (Основные характеристики) Код производителя: T[K1040M25]; (Основные характеристики) Город: S[Екатеринбург]
K120040,ru,ИмПарт,7957,Komatsu,K120040 АДАПТЕР,(Основные характеристики) Бренд: S[KOMATSU]; (Основные характеристики) Страна производитель: S[Япония]; (Основные характеристики) Производитель: S[Komatsu Ltd]; (Основные характеристики) Код производителя: T[K120040]; (Основные характеристики) Город: S[Екатеринбург]
KP40C,ru,ИмПарт,7958,Komatsu,KP40C ПАЛЕЦ КОРОНКИ KP40USPAT,(Основные характеристики) Бренд: S[KOMATSU]; (Основные характеристики) Страна производитель: S[Япония]; (Основные характеристики) Производитель: S[Komatsu Ltd]; (Основные характеристики) Код производителя: T[KP40C]; (Основные характеристики) Город: S[Екатеринбург]
ND116420-2781,ru,ИмПарт,7959,Komatsu,ND116420-2781 СЕРДЦЕВИНА РАДИАТОРА,(Основные характеристики) Бренд: S[KOMATSU]; (Основные характеристики) Страна производитель: S[Япония]; (Основные характеристики) Производитель: S[Komatsu Ltd]; (Основные характеристики) Код производителя: T[ND116420-2781]; (Основные характеристики) Город: S[Екатеринбург]
21N-70-37731,ru,ИмПарт,7960,Komatsu,XS115PN ПАЛЕЦ КОРОНКИ 21N-70-37731,(Основные характеристики) Бренд: S[KOMATSU]; (Основные характеристики) Страна производитель: S[Япония]; (Основные характеристики) Производитель: S[Komatsu Ltd]; (Основные характеристики) Код производителя: T[XS115PN]; (Основные характеристики) Город: S[Екатеринбург]
8240-70-5691,ru,ИмПарт,7961,Komatsu,БОЛТ,(Основные характеристики) Бренд: S[KOMATSU]; (Основные характеристики) Страна производитель: S[Япония]; (Основные характеристики) Производитель: S[Komatsu Ltd]; (Основные характеристики) Код производителя: T[8240-70-5691]; (Основные характеристики) Город: S[Екатеринбург]
01010-61485,ru,ИмПарт,7962,Komatsu,Болт,(Основные характеристики) Бренд: S[KOMATSU]; (Основные характеристики) Страна производитель: S[Япония]; (Основные характеристики) Производитель: S[Komatsu Ltd]; (Основные характеристики) Код производителя: T[01010-61485]; (Основные характеристики) Город: S[Екатеринбург]
03012-34400,ru,ИмПарт,7963,Komatsu,Болты крепления,(Основные характеристики) Бренд: S[KOMATSU]; (Основные характеристики) Страна производитель: S[Япония]; (Основные характеристики) Производитель: S[Komatsu Ltd]; (Основные характеристики) Код производителя: T[03012-34400]; (Основные характеристики) Город: S[Екатеринбург]
207-30-53130,ru,ИмПарт,7964,Komatsu,Вал,(Основные характеристики) Бренд: S[KOMATSU]; (Основные характеристики) Страна производитель: S[Япония]; (Основные характеристики) Производитель: S[Komatsu Ltd]; (Основные характеристики) Код производителя: T[207-30-53130]; (Основные характеристики) Город: S[Екатеринбург]
208-70-72170,ru,ИмПарт,7965,Komatsu,Втулка,(Основные характеристики) Бренд: S[KOMATSU]; (Основные характеристики) Страна производитель: S[Япония]; (Основные характеристики) Производитель: S[Komatsu Ltd]; (Основные характеристики) Код производителя: T[208-70-72170]; (Основные характеристики) Город: S[Екатеринбург]
144-874-5790,ru,ИмПарт,7966,Komatsu,Гофра,(Основные характеристики) Бренд: S[KOMATSU]; (Основные характеристики) Страна производитель: S[Япония]; (Основные характеристики) Производитель: S[Komatsu Ltd]; (Основные характеристики) Код производителя: T[144-874-5790]; (Основные характеристики) Город: S[Екатеринбург]
421-20-13540,ru,ИмПарт,7967,Komatsu,Дефлектор,(Основные характеристики) Бренд: S[KOMATSU]; (Основные характеристики) Страна производитель: S[Япония]; (Основные характеристики) Производитель: S[Komatsu Ltd]; (Основные характеристики) Код производителя: T[421-20-13540]; (Основные характеристики) Город: S[Екатеринбург]
07042-20108,ru,ИмПарт,7968,Komatsu,Заглушка,(Основные характеристики) Бренд: S[KOMATSU]; (Основные характеристики) Страна производитель: S[Япония]; (Основные характеристики) Производитель: S[Komatsu Ltd]; (Основные характеристики) Код производителя: T[07042-20108]; (Основные характеристики) Город: S[Екатеринбург]
20Y-54-35430,ru,ИмПарт,7969,Komatsu,ЗАЖИМ,(Основные характеристики) Бренд: S[KOMATSU]; (Основные характеристики) Страна производитель: S[Япония]; (Основные характеристики) Производитель: S[Komatsu Ltd]; (Основные характеристики) Код производителя: T[20Y-54-35430]; (Основные характеристики) Город: S[Екатеринбург]
6127-41-4214G,ru,ИмПарт,7970,Komatsu,Клапан выпускной,(Основные характеристики) Бренд: S[KOMATSU]; (Основные характеристики) Страна производитель: S[Япония]; (Основные характеристики) Производитель: S[Komatsu Ltd]; (Основные характеристики) Код производителя: T[6127-41-4214G]; (Основные характеристики) Город: S[Екатеринбург]
6209-31-2400,ru,ИмПарт,7971,Komatsu,Комплект колец поршневых,(Основные характеристики) Бренд: S[KOMATSU]; (Основные характеристики) Страна производитель: S[Япония]; (Основные характеристики) Производитель: S[Komatsu Ltd]; (Основные характеристики) Код производителя: T[6209-31-2400]; (Основные характеристики) Город: S[Екатеринбург]
6151-61-1123,ru,ИмПарт,7972,Komatsu,Насос водяной,(Основные характеристики) Бренд: S[KOMATSU]; (Основные характеристики) Страна производитель: S[Япония]; (Основные характеристики) Производитель: S[Komatsu Ltd]; (Основные характеристики) Код производителя: T[6151-61-1123]; (Основные характеристики) Город: S[Екатеринбург]
6128-61-3601,ru,ИмПарт,7973,Komatsu,Натяжитель,(Основные характеристики) Бренд: S[KOMATSU]; (Основные характеристики) Страна производитель: S[Япония]; (Основные характеристики) Производитель: S[Komatsu Ltd]; (Основные характеристики) Код производителя: T[6128-61-3601]; (Основные характеристики) Город: S[Екатеринбург]
14X-30-13143,ru,ИмПарт,7974,Komatsu,Поршень гидроцилиндра,(Основные характеристики) Бренд: S[KOMATSU]; (Основные характеристики) Страна производитель: S[Япония]; (Основные характеристики) Производитель: S[Komatsu Ltd]; (Основные характеристики) Код производителя: T[14X-30-13143]; (Основные характеристики) Город: S[Екатеринбург]
707-99-58370,ru,ИмПарт,7975,Komatsu,Ремкомплект г/ц ковша,(Основные характеристики) Бренд: S[KOMATSU]; (Основные характеристики) Страна производитель: S[Япония]; (Основные характеристики) Производитель: S[Komatsu Ltd]; (Основные характеристики) Код производителя: T[707-99-58370]; (Основные характеристики) Город: S[Екатеринбург]
41E-15-05111,ru,ИмПарт,7976,Komatsu,РЕМКОМПЛЕКТ КЗ,(Основные характеристики) Бренд: S[KOMATSU]; (Основные характеристики) Страна производитель: S[Япония]; (Основные характеристики) Производитель: S[Komatsu Ltd]; (Основные характеристики) Код производителя: T[41E-15-05111]; (Основные характеристики) Город: S[Екатеринбург]
DK154345-1520,ru,ИмПарт,7977,Komatsu,Рычаг,(Основные характеристики) Бренд: S[KOMATSU]; (Основные характеристики) Страна производитель: S[Япония]; (Основные характеристики) Производитель: S[Komatsu Ltd]; (Основные характеристики) Код производителя: T[DK154345-1520]; (Основные характеристики) Город: S[Екатеринбург]
702-16-02231,ru,ИмПарт,7978,Komatsu,Рычаг в сборе,(Основные характеристики) Бренд: S[KOMATSU]; (Основные характеристики) Страна производитель: S[Япония]; (Основные характеристики) Производитель: S[Komatsu Ltd]; (Основные характеристики) Код производителя: T[702-16-02231]; (Основные характеристики) Город: S[Екатеринбург]
ND113550-1150,ru,ИмПарт,7979,Komatsu,Термостат,(Основные характеристики) Бренд: S[KOMATSU]; (Основные характеристики) Страна производитель: S[Япония]; (Основные характеристики) Производитель: S[Komatsu Ltd]; (Основные характеристики) Код производителя: T[ND113550-1150]; (Основные характеристики) Город: S[Екатеринбург]
195-63-13142,ru,ИмПарт,7980,Komatsu,Туба цилиндра подьёма отвала,(Основные характеристики) Бренд: S[KOMATSU]; (Основные характеристики) Страна производитель: S[Япония]; (Основные характеристики) Производитель: S[Komatsu Ltd]; (Основные характеристики) Код производителя: T[195-63-13142]; (Основные характеристики) Город: S[Екатеринбург]
6505-65-5140,ru,ИмПарт,7981,Komatsu,Турбокомпрессор,(Основные характеристики) Бренд: S[KOMATSU]; (Основные характеристики) Страна производитель: S[Япония]; (Основные характеристики) Производитель: S[Komatsu Ltd]; (Основные характеристики) Код производителя: T[6505-65-5140]; (Основные характеристики) Город: S[Екатеринбург]
205-30-00160,ru,ИмПарт,7982,Komatsu,Уплотнение в сборе,(Основные характеристики) Бренд: S[KOMATSU]; (Основные характеристики) Страна производитель: S[Япония]; (Основные характеристики) Производитель: S[Komatsu Ltd]; (Основные характеристики) Код производителя: T[205-30-00160]; (Основные характеристики) Город: S[Екатеринбург]
17M-911-3530,ru,ИмПарт,7983,Komatsu,Фильтр 14X-911-7750 / AF25573,(Основные характеристики) Бренд: S[KOMATSU]; (Основные характеристики) Страна производитель: S[Япония]; (Основные характеристики) Производитель: S[Komatsu Ltd]; (Основные характеристики) Код производителя: T[17M-911-3530]; (Основные характеристики) Город: S[Екатеринбург]
208-979-7620,ru,ИмПарт,7984,Komatsu,Фильтр 208-979-7620 кабины внутренний,(Основные характеристики) Бренд: S[KOMATSU]; (Основные характеристики) Страна производитель: S[Япония]; (Основные характеристики) Производитель: S[Komatsu Ltd]; (Основные характеристики) Код производителя: T[208-979-7620]; (Основные характеристики) Город: S[Екатеринбург]
600-311-8321,ru,ИмПарт,7985,Komatsu,Фильтр 600-311-8331,(Основные характеристики) Бренд: S[KOMATSU]; (Основные характеристики) Страна производитель: S[Япония]; (Основные характеристики) Производитель: S[Komatsu Ltd]; (Основные характеристики) Код производителя: T[600-311-8321]; (Основные характеристики) Город: S[Екатеринбург]
07063-01142,ru,ИмПарт,7986,Komatsu,Фильтр гидравлики PT397,(Основные характеристики) Бренд: S[KOMATSU]; (Основные характеристики) Страна производитель: S[Япония]; (Основные характеристики) Производитель: S[Komatsu Ltd]; (Основные характеристики) Код производителя: T[07063-01142]; (Основные характеристики) Город: S[Екатеринбург]
600-411-1151,ru,ИмПарт,7987,Komatsu,Фильтр коррозионный 600-411-1150,(Основные характеристики) Бренд: S[KOMATSU]; (Основные характеристики) Страна производитель: S[Япония]; (Основные характеристики) Производитель: S[Komatsu Ltd]; (Основные характеристики) Код производителя: T[600-411-1151]; (Основные характеристики) Город: S[Екатеринбург]
421-60-35170,ru,ИмПарт,7988,Komatsu,Фильтр сапуна гидробака,(Основные характеристики) Бренд: S[KOMATSU]; (Основные характеристики) Страна производитель: S[Япония]; (Основные характеристики) Производитель: S[Komatsu Ltd]; (Основные характеристики) Код производителя: T[421-60-35170]; (Основные характеристики) Город: S[Екатеринбург]
6212-12-3220,ru,ИмПарт,7989,Komatsu,Форсунка,(Основные характеристики) Бренд: S[KOMATSU]; (Основные характеристики) Страна производитель: S[Япония]; (Основные характеристики) Производитель: S[Komatsu Ltd]; (Основные характеристики) Код производителя: T[6212-12-3220]; (Основные характеристики) Город: S[Екатеринбург]
6738-11-3090,ru,ИмПарт,7990,Komatsu,Форсунка,(Основные характеристики) Бренд: S[KOMATSU]; (Основные характеристики) Страна производитель: S[Япония]; (Основные характеристики) Производитель: S[Komatsu Ltd]; (Основные характеристики) Код производителя: T[6738-11-3090]; (Основные характеристики) Город: S[Екатеринбург]
195-15-12880,ru,ИмПарт,7991,Komatsu,Шайба пружинная,(Основные характеристики) Бренд: S[KOMATSU]; (Основные характеристики) Страна производитель: S[Япония]; (Основные характеристики) Производитель: S[Komatsu Ltd]; (Основные характеристики) Код производителя: T[195-15-12880]; (Основные характеристики) Город: S[Екатеринбург]
KP50C,ru,ИмПарт,7992,Komatsu,Штифт KP50USPAT,(Основные характеристики) Бренд: S[KOMATSU]; (Основные характеристики) Страна производитель: S[Япония]; (Основные характеристики) Производитель: S[Komatsu Ltd]; (Основные характеристики) Код производителя: T[KP50C]; (Основные характеристики) Город: S[Екатеринбург]
HLXS115PC,ru,ИмПарт,7993,Komatsu,Штифт XS115PC,(Основные характеристики) Бренд: S[KOMATSU]; (Основные характеристики) Страна производитель: S[Япония]; (Основные характеристики) Производитель: S[Komatsu Ltd]; (Основные характеристики) Код производителя: T[HLXS115PC]; (Основные характеристики) Город: S[Екатеринбург]
