АртикулОригинальногоПроизводителя,БрендТехники,БрендТехники2,Продавец
175-30-00513,KOMATSU,KOMATSU,ИмПарт
175-30-00513,KOMATSU,KOMATSU,ИмПарт
175-30-00513,KOMATSU,KOMATSU,ИмПарт
175-32-01412,KOMATSU,KOMATSU,ИмПарт
07016-20758,KOMATSU,KOMATSU,ИмПарт
705-17-04471,KOMATSU,KOMATSU,ИмПарт
705-58-44050,KOMATSU,KOMATSU,ИмПарт
707-51-80640,KOMATSU,KOMATSU,ИмПарт
707-98-45220,KOMATSU,KOMATSU,ИмПарт
707-98-74400,KOMATSU,KOMATSU,ИмПарт
707-98-74410,KOMATSU,KOMATSU,ИмПарт
707-99-58360,KOMATSU,KOMATSU,ИмПарт
707-99-57200,KOMATSU,KOMATSU,ИмПарт
707-99-67010,KOMATSU,KOMATSU,ИмПарт
707-99-67090,KOMATSU,KOMATSU,ИмПарт
707-99-67120,KOMATSU,KOMATSU,ИмПарт
707-99-67280,KOMATSU,KOMATSU,ИмПарт
708-8K-12141,KOMATSU,KOMATSU,ИмПарт
208-63-02542,KOMATSU,KOMATSU,ИмПарт
707-01-0A290,KOMATSU,KOMATSU,ИмПарт
07445-66141,KOMATSU,KOMATSU,ИмПарт
707-98-52130,KOMATSU,KOMATSU,ИмПарт
600-421-6630,KOMATSU,KOMATSU,ИмПарт
6127-11-1087,KOMATSU,KOMATSU,ИмПарт
6127-11-1341,KOMATSU,KOMATSU,ИмПарт
6127-21-2241,KOMATSU,KOMATSU,ИмПарт
6127-21-3510,KOMATSU,KOMATSU,ИмПарт
6120-31-2120,KOMATSU,KOMATSU,ИмПарт
6127-11-1841,KOMATSU,KOMATSU,ИмПарт
6127-21-8071,KOMATSU,KOMATSU,ИмПарт
6127-11-5810,KOMATSU,KOMATSU,ИмПарт
6127-11-8812,KOMATSU,KOMATSU,ИмПарт
6127-21-2221,KOMATSU,KOMATSU,ИмПарт
6127-31-2140,KOMATSU,KOMATSU,ИмПарт
6127-31-2410,KOMATSU,KOMATSU,ИмПарт
6127-41-3113,KOMATSU,KOMATSU,ИмПарт
6127-41-4113,KOMATSU,KOMATSU,ИмПарт
6127-41-4510,KOMATSU,KOMATSU,ИмПарт
6127-41-4541,KOMATSU,KOMATSU,ИмПарт
6127-41-4541,KOMATSU,KOMATSU,ИмПарт
6127-31-3042,KOMATSU,KOMATSU,ИмПарт
6127-41-4410,KOMATSU,KOMATSU,ИмПарт
6127-41-4522,KOMATSU,KOMATSU,ИмПарт
6127-41-4530,KOMATSU,KOMATSU,ИмПарт
6128-11-1130,KOMATSU,KOMATSU,ИмПарт
6128-21-2222,KOMATSU,KOMATSU,ИмПарт
6128-31-2140,KOMATSU,KOMATSU,ИмПарт
6128-K1-9901,KOMATSU,KOMATSU,ИмПарт
6128-K6-2203,KOMATSU,KOMATSU,ИмПарт
6128-21-4230,KOMATSU,KOMATSU,ИмПарт
6136-42-4520,KOMATSU,KOMATSU,ИмПарт
6128-31-2070,KOMATSU,KOMATSU,ИмПарт
6150-21-2230,KOMATSU,KOMATSU,ИмПарт
6128-K2-9901,KOMATSU,KOMATSU,ИмПарт
6128-K6-9901,KOMATSU,KOMATSU,ИмПарт
6150-41-4450,KOMATSU,KOMATSU,ИмПарт
6150-41-4510,KOMATSU,KOMATSU,ИмПарт
6150-42-4110,KOMATSU,KOMATSU,ИмПарт
6136-41-4520,KOMATSU,KOMATSU,ИмПарт
6150-11-1320,KOMATSU,KOMATSU,ИмПарт
6150-12-1370,KOMATSU,KOMATSU,ИмПарт
6150-12-1380,KOMATSU,KOMATSU,ИмПарт
6150-21-2240,KOMATSU,KOMATSU,ИмПарт
6150-21-2250,KOMATSU,KOMATSU,ИмПарт
6150-21-3230,KOMATSU,KOMATSU,ИмПарт
6150-21-8010,KOMATSU,KOMATSU,ИмПарт
6150-21-8050,KOMATSU,KOMATSU,ИмПарт
6151-31-2410,KOMATSU,KOMATSU,ИмПарт
6151-31-3040,KOMATSU,KOMATSU,ИмПарт
6151-61-1162,KOMATSU,KOMATSU,ИмПарт
6150-41-4570,KOMATSU,KOMATSU,ИмПарт
6150-42-4210,KOMATSU,KOMATSU,ИмПарт
6150-61-1821,KOMATSU,KOMATSU,ИмПарт
6151-31-3101,KOMATSU,KOMATSU,ИмПарт
6159-K1-9900,KOMATSU,KOMATSU,ИмПарт
6161-31-2410,KOMATSU,KOMATSU,ИмПарт
6162-16-1341,KOMATSU,KOMATSU,ИмПарт
6162-23-2240,KOMATSU,KOMATSU,ИмПарт
6162-23-2250,KOMATSU,KOMATSU,ИмПарт
6152-32-2510,KOMATSU,KOMATSU,ИмПарт
6154-21-2220,KOMATSU,KOMATSU,ИмПарт
6154-31-2030,KOMATSU,KOMATSU,ИмПарт
6162-23-8010,KOMATSU,KOMATSU,ИмПарт
6162-25-2210,KOMATSU,KOMATSU,ИмПарт
6154-61-1200,KOMATSU,KOMATSU,ИмПарт
6155-K6-9900,KOMATSU,KOMATSU,ИмПарт
6162-13-1322,KOMATSU,KOMATSU,ИмПарт
6162-33-3041,KOMATSU,KOMATSU,ИмПарт
6162-35-2120,KOMATSU,KOMATSU,ИмПарт
6162-43-4111,KOMATSU,KOMATSU,ИмПарт
6162-43-4440,KOMATSU,KOMATSU,ИмПарт
6162-23-2220,KOMATSU,KOMATSU,ИмПарт
6162-23-3510,KOMATSU,KOMATSU,ИмПарт
6162-23-8050,KOMATSU,KOMATSU,ИмПарт
6162-33-2420,KOMATSU,KOMATSU,ИмПарт
6162-43-4420,KOMATSU,KOMATSU,ИмПарт
6162-43-4430,KOMATSU,KOMATSU,ИмПарт
6162-43-4510,KOMATSU,KOMATSU,ИмПарт
6162-63-1025,KOMATSU,KOMATSU,ИмПарт
6162-K1-9901,KOMATSU,KOMATSU,ИмПарт
6162-K2-9901,KOMATSU,KOMATSU,ИмПарт
6207-31-2420,KOMATSU,KOMATSU,ИмПарт
6162-K6-4003,KOMATSU,KOMATSU,ИмПарт
6209-41-4110,KOMATSU,KOMATSU,ИмПарт
6164-41-4211,KOMATSU,KOMATSU,ИмПарт
6210-21-2230,KOMATSU,KOMATSU,ИмПарт
6210-21-2240,KOMATSU,KOMATSU,ИмПарт
6210-32-3040,KOMATSU,KOMATSU,ИмПарт
6210-41-4510,KOMATSU,KOMATSU,ИмПарт
6210-41-4530,KOMATSU,KOMATSU,ИмПарт
6211-31-2410,KOMATSU,KOMATSU,ИмПарт
6211-32-2130,KOMATSU,KOMATSU,ИмПарт
6209-41-4210,KOMATSU,KOMATSU,ИмПарт
6212-41-4540,KOMATSU,KOMATSU,ИмПарт
6212-K6-9902,KOMATSU,KOMATSU,ИмПарт
6215-41-4110,KOMATSU,KOMATSU,ИмПарт
6210-17-1814,KOMATSU,KOMATSU,ИмПарт
6210-21-8010,KOMATSU,KOMATSU,ИмПарт
6210-21-8050,KOMATSU,KOMATSU,ИмПарт
6210-31-3041,KOMATSU,KOMATSU,ИмПарт
6210-41-4430,KOMATSU,KOMATSU,ИмПарт
6210-41-4440,KOMATSU,KOMATSU,ИмПарт
6217-11-1321,KOMATSU,KOMATSU,ИмПарт
6217-11-8830,KOMATSU,KOMATSU,ИмПарт
6217-16-1440,KOMATSU,KOMATSU,ИмПарт
6217-31-2030,KOMATSU,KOMATSU,ИмПарт
6217-41-4531,KOMATSU,KOMATSU,ИмПарт
6217-41-4540,KOMATSU,KOMATSU,ИмПарт
6212-K1-9901,KOMATSU,KOMATSU,ИмПарт
6215-41-4212,KOMATSU,KOMATSU,ИмПарт
6240-41-4520,KOMATSU,KOMATSU,ИмПарт
6216-11-1330,KOMATSU,KOMATSU,ИмПарт
6217-31-2130,KOMATSU,KOMATSU,ИмПарт
6217-41-4110,KOMATSU,KOMATSU,ИмПарт
6218-21-2210,KOMATSU,KOMATSU,ИмПарт
6711-29-3521,KOMATSU,KOMATSU,ИмПарт
6736-41-4110,KOMATSU,KOMATSU,ИмПарт
6620-11-3011,KOMATSU,KOMATSU,ИмПарт
6150-27-8010,KOMATSU,KOMATSU,ИмПарт
6218-K1-9900,KOMATSU,KOMATSU,ИмПарт
6218-K2-9900,KOMATSU,KOMATSU,ИмПарт
6159-K2-9900,KOMATSU,KOMATSU,ИмПарт
01010-62490,KOMATSU,KOMATSU,ИмПарт
01643-32060,KOMATSU,KOMATSU,ИмПарт
02894-47201,KOMATSU,KOMATSU,ИмПарт
02896-11008,KOMATSU,KOMATSU,ИмПарт
04065-03012,KOMATSU,KOMATSU,ИмПарт
04065-05220,KOMATSU,KOMATSU,ИмПарт
01643-21845,KOMATSU,KOMATSU,ИмПарт
01643-31445,KOMATSU,KOMATSU,ИмПарт
01643-31645,KOMATSU,KOMATSU,ИмПарт
01643-32780,KOMATSU,KOMATSU,ИмПарт
02896-11012,KOMATSU,KOMATSU,ИмПарт
02896-11018,KOMATSU,KOMATSU,ИмПарт
04065-04818,KOMATSU,KOMATSU,ИмПарт
07000-12115,KOMATSU,KOMATSU,ИмПарт
07000-13055,KOMATSU,KOMATSU,ИмПарт
07000-15145,KOMATSU,KOMATSU,ИмПарт
07000-13110,KOMATSU,KOMATSU,ИмПарт
07000-53120,KOMATSU,KOMATSU,ИмПарт
07002-12034,KOMATSU,KOMATSU,ИмПарт
07012-10100,KOMATSU,KOMATSU,ИмПарт
07001-05220,KOMATSU,KOMATSU,ИмПарт
07002-13634,KOMATSU,KOMATSU,ИмПарт
07040-13618,KOMATSU,KOMATSU,ИмПарт
01010-31885,KOMATSU,KOMATSU,ИмПарт
01011-81600,KOMATSU,KOMATSU,ИмПарт
07000-13020,KOMATSU,KOMATSU,ИмПарт
07000-13065,KOMATSU,KOMATSU,ИмПарт
07000-16200,KOMATSU,KOMATSU,ИмПарт
208-03-71121,KOMATSU,KOMATSU,ИмПарт
07000-15350,KOMATSU,KOMATSU,ИмПарт
01010-62795,KOMATSU,KOMATSU,ИмПарт
203-70-33210,KOMATSU,KOMATSU,ИмПарт
207-70-33181,KOMATSU,KOMATSU,ИмПарт
208-70-34230,KOMATSU,KOMATSU,ИмПарт
208-70-61230,KOMATSU,KOMATSU,ИмПарт
208-70-12231,KOMATSU,KOMATSU,ИмПарт
07102-21005,KOMATSU,KOMATSU,ИмПарт
195-03-57231,KOMATSU,KOMATSU,ИмПарт
20Y-62-13560,KOMATSU,KOMATSU,ИмПарт
02762-00527,KOMATSU,KOMATSU,ИмПарт
07098-01026,KOMATSU,KOMATSU,ИмПарт
07098-01011,KOMATSU,KOMATSU,ИмПарт
07098-01030,KOMATSU,KOMATSU,ИмПарт
07125-10610,KOMATSU,KOMATSU,ИмПарт
208-62-71251,KOMATSU,KOMATSU,ИмПарт
208-62-71261,KOMATSU,KOMATSU,ИмПарт
209-62-16710,KOMATSU,KOMATSU,ИмПарт
154-21-22211,KOMATSU,KOMATSU,ИмПарт
195-15-12220,KOMATSU,KOMATSU,ИмПарт
195-15-12230,KOMATSU,KOMATSU,ИмПарт
195-15-12520,KOMATSU,KOMATSU,ИмПарт
195-15-12740,KOMATSU,KOMATSU,ИмПарт
195-40-11650,KOMATSU,KOMATSU,ИмПарт
20Y-27-21240,KOMATSU,KOMATSU,ИмПарт
21M-27-11260,KOMATSU,KOMATSU,ИмПарт
07018-12605,KOMATSU,KOMATSU,ИмПарт
175-27-12181,KOMATSU,KOMATSU,ИмПарт
207-27-52270,KOMATSU,KOMATSU,ИмПарт
600-411-1151,KOMATSU,KOMATSU,ИмПарт
19872A1181,KOMATSU,KOMATSU,ИмПарт
1417811253HX,KOMATSU,KOMATSU,ИмПарт
195-78-21331HX,KOMATSU,KOMATSU,ИмПарт
09244-02508,KOMATSU,KOMATSU,ИмПарт
09244-02516,KOMATSU,KOMATSU,ИмПарт
09244-02516,KOMATSU,KOMATSU,ИмПарт
09244-02496,KOMATSU,KOMATSU,ИмПарт
13G-72-61420,KOMATSU,KOMATSU,ИмПарт
141-78-11253,KOMATSU,KOMATSU,ИмПарт
14X-71-11310,KOMATSU,KOMATSU,ИмПарт
14X-71-11340,KOMATSU,KOMATSU,ИмПарт
175-78-31230,KOMATSU,KOMATSU,ИмПарт
17A-71-12451,KOMATSU,KOMATSU,ИмПарт
17M-71-21550,KOMATSU,KOMATSU,ИмПарт
17M-71-21930,KOMATSU,KOMATSU,ИмПарт
17M-71-21940,KOMATSU,KOMATSU,ИмПарт
195-71-11173,KOMATSU,KOMATSU,ИмПарт
195-71-11654,KOMATSU,KOMATSU,ИмПарт
195-78-21331,KOMATSU,KOMATSU,ИмПарт
175-78-31230HX,KOMATSU,KOMATSU,ИмПарт
195-78-71360,KOMATSU,KOMATSU,ИмПарт
198-72-11181,KOMATSU,KOMATSU,ИмПарт
195-71-52280,KOMATSU,KOMATSU,ИмПарт
195-71-61550,KOMATSU,KOMATSU,ИмПарт
195-71-61930,KOMATSU,KOMATSU,ИмПарт
195-78-29140,KOMATSU,KOMATSU,ИмПарт
195-78-71320,KOMATSU,KOMATSU,ИмПарт
205-70-74291,KOMATSU,KOMATSU,ИмПарт
205-70-19570,KOMATSU,KOMATSU,ИмПарт
207-70-14280,KOMATSU,KOMATSU,ИмПарт
207-70-14151,KOMATSU,KOMATSU,ИмПарт
208-70-14152,KOMATSU,KOMATSU,ИмПарт
208-70-34160,KOMATSU,KOMATSU,ИмПарт
208-70-34170,KOMATSU,KOMATSU,ИмПарт
426-847-1130,KOMATSU,KOMATSU,ИмПарт
426-847-1110,KOMATSU,KOMATSU,ИмПарт
423-847-1140,KOMATSU,KOMATSU,ИмПарт
14Y-71-11210,KOMATSU,KOMATSU,ИмПарт
207-70-34160,KOMATSU,KOMATSU,ИмПарт
207-70-34170,KOMATSU,KOMATSU,ИмПарт
14X-72-51810,KOMATSU,KOMATSU,ИмПарт
K85RC,KOMATSU,KOMATSU,ИмПарт
208-70-34220,KOMATSU,KOMATSU,ИмПарт
209-70-54210,KOMATSU,KOMATSU,ИмПарт
195-78-21333,KOMATSU,KOMATSU,ИмПарт
775-HL-200PS,KOMATSU,KOMATSU,ИмПарт
775-HL-300PS,KOMATSU,KOMATSU,ИмПарт
XS115RC,KOMATSU,KOMATSU,ИмПарт
775-HL-400TS,KOMATSU,KOMATSU,ИмПарт
141-78-11253HX,KOMATSU,KOMATSU,ИмПарт
XS145PC,KOMATSU,KOMATSU,ИмПарт
195-30-00580,KOMATSU,KOMATSU,ИмПарт
09370-00070,KOMATSU,KOMATSU,ИмПарт
154-32-05021,KOMATSU,KOMATSU,ИмПарт
175-30-26230,KOMATSU,KOMATSU,ИмПарт
17M-30-26680,KOMATSU,KOMATSU,ИмПарт
17M-30-51550,KOMATSU,KOMATSU,ИмПарт
17M-50-22210,KOMATSU,KOMATSU,ИмПарт
17M-27-41630,KOMATSU,KOMATSU,ИмПарт
17M-27-41630,KOMATSU,KOMATSU,ИмПарт
17M-30-00261,KOMATSU,KOMATSU,ИмПарт
17M-30-51540,KOMATSU,KOMATSU,ИмПарт
17M-50-22220,KOMATSU,KOMATSU,ИмПарт
195-30-00302,KOMATSU,KOMATSU,ИмПарт
195-30-34331,KOMATSU,KOMATSU,ИмПарт
195-50-22210,KOMATSU,KOMATSU,ИмПарт
195-27-12467,KOMATSU,KOMATSU,ИмПарт
195-30-31240,KOMATSU,KOMATSU,ИмПарт
207-27-51310,KOMATSU,KOMATSU,ИмПарт
207-27-51311,KOMATSU,KOMATSU,ИмПарт
207-27-51311,KOMATSU,KOMATSU,ИмПарт
208-27-61210,KOMATSU,KOMATSU,ИмПарт
208-27-61210,KOMATSU,KOMATSU,ИмПарт
20Y-30-00041,KOMATSU,KOMATSU,ИмПарт
195-50-22190,KOMATSU,KOMATSU,ИмПарт
198-30-56132,KOMATSU,KOMATSU,ИмПарт
198-30-56132,KOMATSU,KOMATSU,ИмПарт
195-30-69400,KOMATSU,KOMATSU,ИмПарт
14X-32-00100,KOMATSU,KOMATSU,ИмПарт
154-30-00832,KOMATSU,KOMATSU,ИмПарт
154-32-71220,KOMATSU,KOMATSU,ИмПарт
175-32-02503,KOMATSU,KOMATSU,ИмПарт
195-27-12463,KOMATSU,KOMATSU,ИмПарт
195-30-01051,KOMATSU,KOMATSU,ИмПарт
195-30-66520,KOMATSU,KOMATSU,ИмПарт
198-32-31220,KOMATSU,KOMATSU,ИмПарт
208-30-00431,KOMATSU,KOMATSU,ИмПарт
208-30-00431,KOMATSU,KOMATSU,ИмПарт
208-30-00431,KOMATSU,KOMATSU,ИмПарт
208-32-00500,KOMATSU,KOMATSU,ИмПарт
155-30-00234,KOMATSU,KOMATSU,ИмПарт
154-32-21261,KOMATSU,KOMATSU,ИмПарт
17M-32-02410,KOMATSU,KOMATSU,ИмПарт
195-30-66531,KOMATSU,KOMATSU,ИмПарт
195-30-00347,KOMATSU,KOMATSU,ИмПарт
195-30-00337,KOMATSU,KOMATSU,ИмПарт
154-30-00833,KOMATSU,KOMATSU,ИмПарт
17A-30-00171,KOMATSU,KOMATSU,ИмПарт
17A-30-00181,KOMATSU,KOMATSU,ИмПарт
209-70-54210HX,KOMATSU,KOMATSU,ИмПарт
XS115PN,KOMATSU,KOMATSU,ИмПарт
01803-02430E,KOMATSU,KOMATSU,ИмПарт
01803-02430E,KOMATSU,KOMATSU,ИмПарт
6210-11-1321,KOMATSU,KOMATSU,ИмПарт
07001-05250,KOMATSU,KOMATSU,ИмПарт
195-71-62931,KOMATSU,KOMATSU,ИмПарт
195-30-00302E,KOMATSU,KOMATSU,ИмПарт
07000-03110,KOMATSU,KOMATSU,ИмПарт
07000-62075,KOMATSU,KOMATSU,ИмПарт
6127-41-3113 Б/У,KOMATSU,KOMATSU,ИмПарт
195-32-61210,KOMATSU,KOMATSU,ИмПарт
195-32-61210,KOMATSU,KOMATSU,ИмПарт
195-32-61220,KOMATSU,KOMATSU,ИмПарт
09244-03036,KOMATSU,KOMATSU,ИмПарт
207-27-61210,KOMATSU,KOMATSU,ИмПарт
207-30-00150,KOMATSU,KOMATSU,ИмПарт
207-30-00150,KOMATSU,KOMATSU,ИмПарт
01803-02430,KOMATSU,KOMATSU,ИмПарт
01803-02430,KOMATSU,KOMATSU,ИмПарт
175-30-00515,KOMATSU,KOMATSU,ИмПарт
175-30-00515,KOMATSU,KOMATSU,ИмПарт
175-30-00515,KOMATSU,KOMATSU,ИмПарт
14X-32-00012,KOMATSU,KOMATSU,ИмПарт
20Y-30-00011,KOMATSU,KOMATSU,ИмПарт
20Y-30-00014,KOMATSU,KOMATSU,ИмПарт
14X-30-00030,KOMATSU,KOMATSU,ИмПарт
14X-30-00030,KOMATSU,KOMATSU,ИмПарт
14X-30-00030,KOMATSU,KOMATSU,ИмПарт
144-81-30052,KOMATSU,KOMATSU,ИмПарт
20Y-30-00016,KOMATSU,KOMATSU,ИмПарт
208-30-00300,KOMATSU,KOMATSU,ИмПарт
195-30-00128,KOMATSU,KOMATSU,ИмПарт
195-30-00128,KOMATSU,KOMATSU,ИмПарт
207-30-00032,KOMATSU,KOMATSU,ИмПарт
207-30-00032,KOMATSU,KOMATSU,ИмПарт
195-30-00117,KOMATSU,KOMATSU,ИмПарт
20Y-30-00131,KOMATSU,KOMATSU,ИмПарт
208-30-00201,KOMATSU,KOMATSU,ИмПарт
17M-32-02510,KOMATSU,KOMATSU,ИмПарт
195-30-00058,KOMATSU,KOMATSU,ИмПарт
17M-30-00310,KOMATSU,KOMATSU,ИмПарт
195-30-00055,KOMATSU,KOMATSU,ИмПарт
14X-30-00160,KOMATSU,KOMATSU,ИмПарт
14X-30-00160,KOMATSU,KOMATSU,ИмПарт
144-81-30050,KOMATSU,KOMATSU,ИмПарт
195-30-00283,KOMATSU,KOMATSU,ИмПарт
195-30-00343,KOMATSU,KOMATSU,ИмПарт
195-30-00343,KOMATSU,KOMATSU,ИмПарт
20Y-32-11110,KOMATSU,KOMATSU,ИмПарт
17M-30-00330,KOMATSU,KOMATSU,ИмПарт
17M-30-00330,KOMATSU,KOMATSU,ИмПарт
208-30-00022,KOMATSU,KOMATSU,ИмПарт
208-30-00022,KOMATSU,KOMATSU,ИмПарт
144-81-30054,KOMATSU,KOMATSU,ИмПарт
20Y-30-08021,KOMATSU,KOMATSU,ИмПарт
195-30-00342,KOMATSU,KOMATSU,ИмПарт
195-30-00342,KOMATSU,KOMATSU,ИмПарт
195-30-00281,KOMATSU,KOMATSU,ИмПарт
16Y-40-10000,KOMATSU,KOMATSU,ИмПарт
16Y-40-10000,KOMATSU,KOMATSU,ИмПарт
16Y-40-10000,KOMATSU,KOMATSU,ИмПарт
141-30-00566E,KOMATSU,KOMATSU,ИмПарт
175-32-04003,KOMATSU,KOMATSU,ИмПарт
195-30-00470,KOMATSU,KOMATSU,ИмПарт
14X-30-00111,KOMATSU,KOMATSU,ИмПарт
14X-30-00111,KOMATSU,KOMATSU,ИмПарт
206-32-00140,KOMATSU,KOMATSU,ИмПарт
206-32-00140,KOMATSU,KOMATSU,ИмПарт
195-30-00106,KOMATSU,KOMATSU,ИмПарт
195-30-00106,KOMATSU,KOMATSU,ИмПарт
208-20-0031A,KOMATSU,KOMATSU,ИмПарт
208-20-0031A,KOMATSU,KOMATSU,ИмПарт
17M-30-01331,KOMATSU,KOMATSU,ИмПарт
17M-30-01331,KOMATSU,KOMATSU,ИмПарт
206-32-00300,KOMATSU,KOMATSU,ИмПарт
206-32-00300,KOMATSU,KOMATSU,ИмПарт
17M-30-00320,KOMATSU,KOMATSU,ИмПарт
17M-30-00320,KOMATSU,KOMATSU,ИмПарт
17M-30-00320,KOMATSU,KOMATSU,ИмПарт
144-81-30053,KOMATSU,KOMATSU,ИмПарт
195-30-00126,KOMATSU,KOMATSU,ИмПарт
195-30-00126,KOMATSU,KOMATSU,ИмПарт
14X-30-00126,KOMATSU,KOMATSU,ИмПарт
14X-30-00126,KOMATSU,KOMATSU,ИмПарт
14X-30-00126,KOMATSU,KOMATSU,ИмПарт
195-30-00056,KOMATSU,KOMATSU,ИмПарт
175-32-01411,KOMATSU,KOMATSU,ИмПарт
195-30-00124,KOMATSU,KOMATSU,ИмПарт
195-30-00124,KOMATSU,KOMATSU,ИмПарт
14X-30-12001,KOMATSU,KOMATSU,ИмПарт
14X-30-12001,KOMATSU,KOMATSU,ИмПарт
175-32-04002,KOMATSU,KOMATSU,ИмПарт
204-30-00020,KOMATSU,KOMATSU,ИмПарт
175-32-04000,KOMATSU,KOMATSU,ИмПарт
206-32-K2111,KOMATSU,KOMATSU,ИмПарт
206-32-K2111,KOMATSU,KOMATSU,ИмПарт
208-30-00340,KOMATSU,KOMATSU,ИмПарт
208-30-00340,KOMATSU,KOMATSU,ИмПарт
208-30-00340,KOMATSU,KOMATSU,ИмПарт
208-30-00202,KOMATSU,KOMATSU,ИмПарт
195-30-00127,KOMATSU,KOMATSU,ИмПарт
195-30-00127,KOMATSU,KOMATSU,ИмПарт
141-30-00562,KOMATSU,KOMATSU,ИмПарт
14X-30-00141,KOMATSU,KOMATSU,ИмПарт
195-30-00282,KOMATSU,KOMATSU,ИмПарт
195-30-00331,KOMATSU,KOMATSU,ИмПарт
175-32-01000,KOMATSU,KOMATSU,ИмПарт
14X-30-00180,KOMATSU,KOMATSU,ИмПарт
195-30-00118,KOMATSU,KOMATSU,ИмПарт
208-30-00021,KOMATSU,KOMATSU,ИмПарт
208-30-00021,KOMATSU,KOMATSU,ИмПарт
17A-30-00310,KOMATSU,KOMATSU,ИмПарт
20Y-30-00320,KOMATSU,KOMATSU,ИмПарт
20Y-30-00320,KOMATSU,KOMATSU,ИмПарт
20Y-30-00320,KOMATSU,KOMATSU,ИмПарт
207-30-00160,KOMATSU,KOMATSU,ИмПарт
207-30-00160,KOMATSU,KOMATSU,ИмПарт
207-30-00160,KOMATSU,KOMATSU,ИмПарт
207-30-00160,KOMATSU,KOMATSU,ИмПарт
20Y-32-11111,KOMATSU,KOMATSU,ИмПарт
195-30-00346,KOMATSU,KOMATSU,ИмПарт
195-30-00346,KOMATSU,KOMATSU,ИмПарт
207-27-71460,KOMATSU,KOMATSU,ИмПарт
141-30-00561,KOMATSU,KOMATSU,ИмПарт
175-32-04001,KOMATSU,KOMATSU,ИмПарт
195-30-00102,KOMATSU,KOMATSU,ИмПарт
195-30-00102,KOMATSU,KOMATSU,ИмПарт
14X-30-00140,KOMATSU,KOMATSU,ИмПарт
20Y-30-08030,KOMATSU,KOMATSU,ИмПарт
208-30-00200,KOMATSU,KOMATSU,ИмПарт
208-30-00510,KOMATSU,KOMATSU,ИмПарт
208-30-00510,KOMATSU,KOMATSU,ИмПарт
01010-62055,KOMATSU,KOMATSU,ИмПарт
01010-62055,KOMATSU,KOMATSU,ИмПарт
195-30-00330,KOMATSU,KOMATSU,ИмПарт
17M-30-01330,KOMATSU,KOMATSU,ИмПарт
17M-30-01330,KOMATSU,KOMATSU,ИмПарт
14X-30-00142,KOMATSU,KOMATSU,ИмПарт
17A-30-00720,KOMATSU,KOMATSU,ИмПарт
17A-30-00720,KOMATSU,KOMATSU,ИмПарт
17A-30-00720,KOMATSU,KOMATSU,ИмПарт
207-30-00410,KOMATSU,KOMATSU,ИмПарт
207-30-00410,KOMATSU,KOMATSU,ИмПарт
208-30-00521,KOMATSU,KOMATSU,ИмПарт
208-30-00521,KOMATSU,KOMATSU,ИмПарт
195-30-00344,KOMATSU,KOMATSU,ИмПарт
195-30-00344,KOMATSU,KOMATSU,ИмПарт
175-30-00471,KOMATSU,KOMATSU,ИмПарт
175-30-00471,KOMATSU,KOMATSU,ИмПарт
175-30-00471,KOMATSU,KOMATSU,ИмПарт
22U-30-00020,KOMATSU,KOMATSU,ИмПарт
22U-30-00020,KOMATSU,KOMATSU,ИмПарт
175-30-00532,KOMATSU,KOMATSU,ИмПарт
175-30-00532,KOMATSU,KOMATSU,ИмПарт
175-30-00532,KOMATSU,KOMATSU,ИмПарт
175-30-00517,KOMATSU,KOMATSU,ИмПарт
175-30-00517,KOMATSU,KOMATSU,ИмПарт
175-30-00517,KOMATSU,KOMATSU,ИмПарт
207-30-00580,KOMATSU,KOMATSU,ИмПарт
207-30-00580,KOMATSU,KOMATSU,ИмПарт
207-30-00580,KOMATSU,KOMATSU,ИмПарт
207-30-00580,KOMATSU,KOMATSU,ИмПарт
207-30-00580,KOMATSU,KOMATSU,ИмПарт
141-30-00560,KOMATSU,KOMATSU,ИмПарт
17A-30-00721,KOMATSU,KOMATSU,ИмПарт
17A-30-00721,KOMATSU,KOMATSU,ИмПарт
17A-30-00721,KOMATSU,KOMATSU,ИмПарт
208-30-00511,KOMATSU,KOMATSU,ИмПарт
208-30-00511,KOMATSU,KOMATSU,ИмПарт
20Y-30-07300,KOMATSU,KOMATSU,ИмПарт
14X-27-15112,KOMATSU,KOMATSU,ИмПарт
14X-27-15112,KOMATSU,KOMATSU,ИмПарт
207-30-K1700,KOMATSU,KOMATSU,ИмПарт
207-30-K1700,KOMATSU,KOMATSU,ИмПарт
195-30-00341,KOMATSU,KOMATSU,ИмПарт
195-30-00341,KOMATSU,KOMATSU,ИмПарт
14X-30-00110,KOMATSU,KOMATSU,ИмПарт
14X-30-00110,KOMATSU,KOMATSU,ИмПарт
14X-30-00040,KOMATSU,KOMATSU,ИмПарт
14X-30-00040,KOMATSU,KOMATSU,ИмПарт
14X-30-00040,KOMATSU,KOMATSU,ИмПарт
207-30-15102,KOMATSU,KOMATSU,ИмПарт
207-30-15102,KOMATSU,KOMATSU,ИмПарт
175-30-00511,KOMATSU,KOMATSU,ИмПарт
175-30-00511,KOMATSU,KOMATSU,ИмПарт
175-30-00511,KOMATSU,KOMATSU,ИмПарт
207-30-00031,KOMATSU,KOMATSU,ИмПарт
207-30-00031,KOMATSU,KOMATSU,ИмПарт
195-30-00057,KOMATSU,KOMATSU,ИмПарт
20Y-30-00022,KOMATSU,KOMATSU,ИмПарт
144-81-30051,KOMATSU,KOMATSU,ИмПарт
14X-30-00181,KOMATSU,KOMATSU,ИмПарт
175-32-01001,KOMATSU,KOMATSU,ИмПарт
208-30-00230,KOMATSU,KOMATSU,ИмПарт
208-30-00230,KOMATSU,KOMATSU,ИмПарт
09203-12485,KOMATSU,KOMATSU,ИмПарт
20Y-30-00130,KOMATSU,KOMATSU,ИмПарт
207-30-00511,KOMATSU,KOMATSU,ИмПарт
207-30-00511,KOMATSU,KOMATSU,ИмПарт
207-30-00610,KOMATSU,KOMATSU,ИмПарт
207-30-00610,KOMATSU,KOMATSU,ИмПарт
14X-30-00113,KOMATSU,KOMATSU,ИмПарт
14X-30-00113,KOMATSU,KOMATSU,ИмПарт
195-30-00280,KOMATSU,KOMATSU,ИмПарт
195-30-00335,KOMATSU,KOMATSU,ИмПарт
1417811253SHX,KOMATSU,KOMATSU,ИмПарт
207-30-00161,KOMATSU,KOMATSU,ИмПарт
207-30-00161,KOMATSU,KOMATSU,ИмПарт
207-30-00161,KOMATSU,KOMATSU,ИмПарт
207-30-00161,KOMATSU,KOMATSU,ИмПарт
17A-30-00730,KOMATSU,KOMATSU,ИмПарт
17A-30-00730,KOMATSU,KOMATSU,ИмПарт
17A-30-00730,KOMATSU,KOMATSU,ИмПарт
16Y-40-06000,KOMATSU,KOMATSU,ИмПарт
14X-30-15001,KOMATSU,KOMATSU,ИмПарт
175-32-01007,KOMATSU,KOMATSU,ИмПарт
20Y-32-11111A,KOMATSU,KOMATSU,ИмПарт
195-27-12632,KOMATSU,KOMATSU,ИмПарт
195-30-00105,KOMATSU,KOMATSU,ИмПарт
195-30-00105,KOMATSU,KOMATSU,ИмПарт
195-30-00114,KOMATSU,KOMATSU,ИмПарт
195-30-00125,KOMATSU,KOMATSU,ИмПарт
195-30-00125,KOMATSU,KOMATSU,ИмПарт
175-32-04004,KOMATSU,KOMATSU,ИмПарт
206-32-07040,KOMATSU,KOMATSU,ИмПарт
206-32-07040,KOMATSU,KOMATSU,ИмПарт
207-30-00630,KOMATSU,KOMATSU,ИмПарт
207-30-00630,KOMATSU,KOMATSU,ИмПарт
207-30-00630,KOMATSU,KOMATSU,ИмПарт
207-30-00630,KOMATSU,KOMATSU,ИмПарт
207-30-00630,KOMATSU,KOMATSU,ИмПарт
207-30-K1800,KOMATSU,KOMATSU,ИмПарт
207-30-K1800,KOMATSU,KOMATSU,ИмПарт
20Y-32-31210,KOMATSU,KOMATSU,ИмПарт
17M-30-01341,KOMATSU,KOMATSU,ИмПарт
20Y-27-11582,KOMATSU,KOMATSU,ИмПарт
22U-30-00021,KOMATSU,KOMATSU,ИмПарт
22U-30-00021,KOMATSU,KOMATSU,ИмПарт
195-30-00104,KOMATSU,KOMATSU,ИмПарт
195-30-00104,KOMATSU,KOMATSU,ИмПарт
175-32-01410,KOMATSU,KOMATSU,ИмПарт
17M-30-00341,KOMATSU,KOMATSU,ИмПарт
20Y-27-11581,KOMATSU,KOMATSU,ИмПарт
204-30-00040,KOMATSU,KOMATSU,ИмПарт
207-32-07200,KOMATSU,KOMATSU,ИмПарт
207-32-07200,KOMATSU,KOMATSU,ИмПарт
207-32-07200,KOMATSU,KOMATSU,ИмПарт
207-32-07200,KOMATSU,KOMATSU,ИмПарт
207-32-07200,KOMATSU,KOMATSU,ИмПарт
14X-30-01030,KOMATSU,KOMATSU,ИмПарт
14X-30-01030,KOMATSU,KOMATSU,ИмПарт
14X-30-01030,KOMATSU,KOMATSU,ИмПарт
208-20-0022,KOMATSU,KOMATSU,ИмПарт
208-20-0022,KOMATSU,KOMATSU,ИмПарт
205-30-K1300,KOMATSU,KOMATSU,ИмПарт
207-30-00430,KOMATSU,KOMATSU,ИмПарт
207-30-00430,KOMATSU,KOMATSU,ИмПарт
207-30-00430,KOMATSU,KOMATSU,ИмПарт
207-30-00430,KOMATSU,KOMATSU,ИмПарт
207-30-00430,KOMATSU,KOMATSU,ИмПарт
14X-30-00116,KOMATSU,KOMATSU,ИмПарт
14X-30-00116,KOMATSU,KOMATSU,ИмПарт
141-30-00563,KOMATSU,KOMATSU,ИмПарт
20Y-30-00021,KOMATSU,KOMATSU,ИмПарт
208-30-00320,KOMATSU,KOMATSU,ИмПарт
208-30-00320,KOMATSU,KOMATSU,ИмПарт
208-32-00401,KOMATSU,KOMATSU,ИмПарт
175-30-00472,KOMATSU,KOMATSU,ИмПарт
175-30-00472,KOMATSU,KOMATSU,ИмПарт
175-30-00472,KOMATSU,KOMATSU,ИмПарт
195-30-00103,KOMATSU,KOMATSU,ИмПарт
195-30-00103,KOMATSU,KOMATSU,ИмПарт
14X-30-01020,KOMATSU,KOMATSU,ИмПарт
14X-30-01020,KOMATSU,KOMATSU,ИмПарт
14X-30-01020,KOMATSU,KOMATSU,ИмПарт
17A-30-00040,KOMATSU,KOMATSU,ИмПарт
175-30-00514,KOMATSU,KOMATSU,ИмПарт
175-30-00514,KOMATSU,KOMATSU,ИмПарт
175-30-00514,KOMATSU,KOMATSU,ИмПарт
195-30-00336,KOMATSU,KOMATSU,ИмПарт
195-27-12641,KOMATSU,KOMATSU,ИмПарт
205-30-K1200,KOMATSU,KOMATSU,ИмПарт
14X-30-14100,KOMATSU,KOMATSU,ИмПарт
14X-30-14100,KOMATSU,KOMATSU,ИмПарт
14X-30-14100,KOMATSU,KOMATSU,ИмПарт
195-30-00333,KOMATSU,KOMATSU,ИмПарт
208-30-00310,KOMATSU,KOMATSU,ИмПарт
208-30-00310,KOMATSU,KOMATSU,ИмПарт
208-30-00520,KOMATSU,KOMATSU,ИмПарт
208-30-00520,KOMATSU,KOMATSU,ИмПарт
207-30-K1200,KOMATSU,KOMATSU,ИмПарт
207-30-K1200,KOMATSU,KOMATSU,ИмПарт
208-30-00231,KOMATSU,KOMATSU,ИмПарт
208-30-00231,KOMATSU,KOMATSU,ИмПарт
195-30-00345,KOMATSU,KOMATSU,ИмПарт
195-30-00345,KOMATSU,KOMATSU,ИмПарт
17M-30-01321,KOMATSU,KOMATSU,ИмПарт
17M-30-01321,KOMATSU,KOMATSU,ИмПарт
17M-30-01321,KOMATSU,KOMATSU,ИмПарт
175-30-00516,KOMATSU,KOMATSU,ИмПарт
175-30-00516,KOMATSU,KOMATSU,ИмПарт
175-30-00516,KOMATSU,KOMATSU,ИмПарт
207-30-00140,KOMATSU,KOMATSU,ИмПарт
207-30-00140,KOMATSU,KOMATSU,ИмПарт
20Y-30-00012,KOMATSU,KOMATSU,ИмПарт
17A-30-00790,KOMATSU,KOMATSU,ИмПарт
17A-30-00790,KOMATSU,KOMATSU,ИмПарт
17A-30-00790,KOMATSU,KOMATSU,ИмПарт
208-30-00210,KOMATSU,KOMATSU,ИмПарт
208-30-00210,KOMATSU,KOMATSU,ИмПарт
141-30-00565,KOMATSU,KOMATSU,ИмПарт
207-30-00401,KOMATSU,KOMATSU,ИмПарт
207-30-00401,KOMATSU,KOMATSU,ИмПарт
207-30-00401,KOMATSU,KOMATSU,ИмПарт
207-30-00401,KOMATSU,KOMATSU,ИмПарт
20Y-30-00015,KOMATSU,KOMATSU,ИмПарт
14X-30-00080,KOMATSU,KOMATSU,ИмПарт
14X-30-00080,KOMATSU,KOMATSU,ИмПарт
14X-30-00080,KOMATSU,KOMATSU,ИмПарт
195-30-00334,KOMATSU,KOMATSU,ИмПарт
20Y-30-K1800,KOMATSU,KOMATSU,ИмПарт
207-30-00690,KOMATSU,KOMATSU,ИмПарт
207-30-00690,KOMATSU,KOMATSU,ИмПарт
207-30-00690,KOMATSU,KOMATSU,ИмПарт
207-30-00033,KOMATSU,KOMATSU,ИмПарт
207-30-00033,KOMATSU,KOMATSU,ИмПарт
195-30-00332,KOMATSU,KOMATSU,ИмПарт
175-30-00510,KOMATSU,KOMATSU,ИмПарт
175-30-00510,KOMATSU,KOMATSU,ИмПарт
175-30-00510,KOMATSU,KOMATSU,ИмПарт
20Y-32-02170,KOMATSU,KOMATSU,ИмПарт
175-30-00512,KOMATSU,KOMATSU,ИмПарт
175-30-00512,KOMATSU,KOMATSU,ИмПарт
175-30-00512,KOMATSU,KOMATSU,ИмПарт
14X-30-07200,KOMATSU,KOMATSU,ИмПарт
20Y-27-11561,KOMATSU,KOMATSU,ИмПарт
17M-30-01340,KOMATSU,KOMATSU,ИмПарт
207-30-K1900,KOMATSU,KOMATSU,ИмПарт
207-30-K1900,KOMATSU,KOMATSU,ИмПарт
207-30-K1900,KOMATSU,KOMATSU,ИмПарт
207-30-K1900,KOMATSU,KOMATSU,ИмПарт
14X-30-00090,KOMATSU,KOMATSU,ИмПарт
14X-30-00090,KOMATSU,KOMATSU,ИмПарт
14X-30-00090,KOMATSU,KOMATSU,ИмПарт
196-30-00065,KOMATSU,KOMATSU,ИмПарт
195-30-00101,KOMATSU,KOMATSU,ИмПарт
195-30-00101,KOMATSU,KOMATSU,ИмПарт
14X-30-14200,KOMATSU,KOMATSU,ИмПарт
14X-30-14200,KOMATSU,KOMATSU,ИмПарт
14X-30-14200,KOMATSU,KOMATSU,ИмПарт
205-30-00190,KOMATSU,KOMATSU,ИмПарт
195-30-00340,KOMATSU,KOMATSU,ИмПарт
195-30-00340,KOMATSU,KOMATSU,ИмПарт
175-32-01004,KOMATSU,KOMATSU,ИмПарт
208-30-00640,KOMATSU,KOMATSU,ИмПарт
208-30-00640,KOMATSU,KOMATSU,ИмПарт
20Y-32-K1130,KOMATSU,KOMATSU,ИмПарт
206-32-K1802,KOMATSU,KOMATSU,ИмПарт
195-30-00116,KOMATSU,KOMATSU,ИмПарт
20Y-30-08020,KOMATSU,KOMATSU,ИмПарт
20Y-30-00020,KOMATSU,KOMATSU,ИмПарт
20Y-30-00321,KOMATSU,KOMATSU,ИмПарт
20Y-30-00321,KOMATSU,KOMATSU,ИмПарт
20Y-30-00321,KOMATSU,KOMATSU,ИмПарт
175-32-01003,KOMATSU,KOMATSU,ИмПарт
17M-30-01320,KOMATSU,KOMATSU,ИмПарт
17M-30-01320,KOMATSU,KOMATSU,ИмПарт
17M-30-01320,KOMATSU,KOMATSU,ИмПарт
206-32-K2110,KOMATSU,KOMATSU,ИмПарт
206-32-K2110,KOMATSU,KOMATSU,ИмПарт
16Y-40-09000,KOMATSU,KOMATSU,ИмПарт
16Y-40-09000,KOMATSU,KOMATSU,ИмПарт
16Y-40-09000,KOMATSU,KOMATSU,ИмПарт
14X-30-00143,KOMATSU,KOMATSU,ИмПарт
208-32-00300,KOMATSU,KOMATSU,ИмПарт
206-32-00114,KOMATSU,KOMATSU,ИмПарт
206-32-00114,KOMATSU,KOMATSU,ИмПарт
208-32-03002,KOMATSU,KOMATSU,ИмПарт
14X-30-00114,KOMATSU,KOMATSU,ИмПарт
14X-30-00114,KOMATSU,KOMATSU,ИмПарт
195-30-00059,KOMATSU,KOMATSU,ИмПарт
195-30-00115,KOMATSU,KOMATSU,ИмПарт
01011-61605,KOMATSU,KOMATSU,ИмПарт
207-30-00510,KOMATSU,KOMATSU,ИмПарт
207-30-00510,KOMATSU,KOMATSU,ИмПарт
14X-30-00112,KOMATSU,KOMATSU,ИмПарт
14X-30-00112,KOMATSU,KOMATSU,ИмПарт
205-30-00043,KOMATSU,KOMATSU,ИмПарт
206-32-00113,KOMATSU,KOMATSU,ИмПарт
206-32-00113,KOMATSU,KOMATSU,ИмПарт
14X-32-01140,KOMATSU,KOMATSU,ИмПарт
175-32-01002,KOMATSU,KOMATSU,ИмПарт
141-30-00564,KOMATSU,KOMATSU,ИмПарт
141-30-00566,KOMATSU,KOMATSU,ИмПарт
17A-30-00042,KOMATSU,KOMATSU,ИмПарт
175-32-01006,KOMATSU,KOMATSU,ИмПарт
175-30-00470,KOMATSU,KOMATSU,ИмПарт
175-30-00470,KOMATSU,KOMATSU,ИмПарт
175-30-00470,KOMATSU,KOMATSU,ИмПарт
195-30-71720,KOMATSU,KOMATSU,ИмПарт
425-847-1211,KOMATSU,KOMATSU,ИмПарт
425-847-1221,KOMATSU,KOMATSU,ИмПарт
195-50-22210,KOMATSU,KOMATSU,ИмПарт
195-27-12467,KOMATSU,KOMATSU,ИмПарт
195-27-33141,KOMATSU,KOMATSU,ИмПарт
195-30-31231,KOMATSU,KOMATSU,ИмПарт
195-30-31250,KOMATSU,KOMATSU,ИмПарт
195-50-22231,KOMATSU,KOMATSU,ИмПарт
195-50-41161,KOMATSU,KOMATSU,ИмПарт
205-30-00160,KOMATSU,KOMATSU,ИмПарт
207-30-53130,KOMATSU,KOMATSU,ИмПарт
207-30-53160,KOMATSU,KOMATSU,ИмПарт
195-50-41132,KOMATSU,KOMATSU,ИмПарт
195-50-22190,KOMATSU,KOMATSU,ИмПарт
195-30-51431,KOMATSU,KOMATSU,ИмПарт
195-30-34220,KOMATSU,KOMATSU,ИмПарт
195-30-51450,KOMATSU,KOMATSU,ИмПарт
195-30-64251,KOMATSU,KOMATSU,ИмПарт
198-30-14233,KOMATSU,KOMATSU,ИмПарт
198-30-14242,KOMATSU,KOMATSU,ИмПарт
195-32-61350,KOMATSU,KOMATSU,ИмПарт
195-30-51470,KOMATSU,KOMATSU,ИмПарт
195-50-41120,KOMATSU,KOMATSU,ИмПарт
705-58-44050,KOMATSU,KOMATSU,ИмПарт
707-99-58370,KOMATSU,KOMATSU,ИмПарт
707-99-74430,KOMATSU,KOMATSU,ИмПарт
707-98-56625,KOMATSU,KOMATSU,ИмПарт
707-99-74110,KOMATSU,KOMATSU,ИмПарт
707-99-74420,KOMATSU,KOMATSU,ИмПарт
709-62-12101,KOMATSU,KOMATSU,ИмПарт
07179-13126,KOMATSU,KOMATSU,ИмПарт
702-16-01531,KOMATSU,KOMATSU,ИмПарт
DK154345-1520,KOMATSU,KOMATSU,ИмПарт
04022-20040,KOMATSU,KOMATSU,ИмПарт
6151-61-1123,KOMATSU,KOMATSU,ИмПарт
195-71-51191,KOMATSU,KOMATSU,ИмПарт
195-71-11512,KOMATSU,KOMATSU,ИмПарт
208-70-72170,KOMATSU,KOMATSU,ИмПарт
195-78-71190,KOMATSU,KOMATSU,ИмПарт
195-78-71210,KOMATSU,KOMATSU,ИмПарт
195-79-52140,KOMATSU,KOMATSU,ИмПарт
8240-70-5691,KOMATSU,KOMATSU,ИмПарт
21N-72-11152,KOMATSU,KOMATSU,ИмПарт
07122-11019,KOMATSU,KOMATSU,ИмПарт
07123-10515,KOMATSU,KOMATSU,ИмПарт
07124-11006,KOMATSU,KOMATSU,ИмПарт
07125-31215,KOMATSU,KOMATSU,ИмПарт
07124-11009,KOMATSU,KOMATSU,ИмПарт
07126-11010,KOMATSU,KOMATSU,ИмПарт
195-03-15220,KOMATSU,KOMATSU,ИмПарт
195-03-43190,KOMATSU,KOMATSU,ИмПарт
195-61-42430,KOMATSU,KOMATSU,ИмПарт
195-71-62260,KOMATSU,KOMATSU,ИмПарт
195-61-49360,KOMATSU,KOMATSU,ИмПарт
176-911-4720,KOMATSU,KOMATSU,ИмПарт
HLXS115PC,KOMATSU,KOMATSU,ИмПарт
03012-34400,KOMATSU,KOMATSU,ИмПарт
6127-41-4214G,KOMATSU,KOMATSU,ИмПарт
6128-61-3601,KOMATSU,KOMATSU,ИмПарт
XS115PN,KOMATSU,KOMATSU,ИмПарт
702-16-02231,KOMATSU,KOMATSU,ИмПарт
600-411-1151,KOMATSU,KOMATSU,ИмПарт
KP40C,KOMATSU,KOMATSU,ИмПарт
K1040M25,KOMATSU,KOMATSU,ИмПарт
KP50C,KOMATSU,KOMATSU,ИмПарт
708-23-00930,KOMATSU,KOMATSU,ИмПарт
723-40-72700,KOMATSU,KOMATSU,ИмПарт
723-40-92701,KOMATSU,KOMATSU,ИмПарт
709-63-11600,KOMATSU,KOMATSU,ИмПарт
195-63-13142,KOMATSU,KOMATSU,ИмПарт
41E-15-05111,KOMATSU,KOMATSU,ИмПарт
421-20-13540,KOMATSU,KOMATSU,ИмПарт
711-60-26701,KOMATSU,KOMATSU,ИмПарт
600-821-9631,KOMATSU,KOMATSU,ИмПарт
6162-15-1610,KOMATSU,KOMATSU,ИмПарт
6162-75-7140,KOMATSU,KOMATSU,ИмПарт
6162-75-7110,KOMATSU,KOMATSU,ИмПарт
6162-75-7120,KOMATSU,KOMATSU,ИмПарт
6212-12-3220,KOMATSU,KOMATSU,ИмПарт
6505-61-5030,KOMATSU,KOMATSU,ИмПарт
6505-65-5140,KOMATSU,KOMATSU,ИмПарт
6738-11-3090,KOMATSU,KOMATSU,ИмПарт
6742-01-1520,KOMATSU,KOMATSU,ИмПарт
195-30-62141,KOMATSU,KOMATSU,ИмПарт
144-874-5790,KOMATSU,KOMATSU,ИмПарт
198-Z11-2540,KOMATSU,KOMATSU,ИмПарт
207-46-12141,KOMATSU,KOMATSU,ИмПарт
ND116420-2781,KOMATSU,KOMATSU,ИмПарт
20Y-54-35430,KOMATSU,KOMATSU,ИмПарт
198-Z11-5620,KOMATSU,KOMATSU,ИмПарт
ND113550-1150,KOMATSU,KOMATSU,ИмПарт
01010-81280,KOMATSU,KOMATSU,ИмПарт
04020-00616,KOMATSU,KOMATSU,ИмПарт
07000-12010,KOMATSU,KOMATSU,ИмПарт
07102-30512,KOMATSU,KOMATSU,ИмПарт
195-03-57231,KOMATSU,KOMATSU,ИмПарт
07623-10314,KOMATSU,KOMATSU,ИмПарт
07621-10307,KOMATSU,KOMATSU,ИмПарт
195-71-62710,KOMATSU,KOMATSU,ИмПарт
195-71-62720,KOMATSU,KOMATSU,ИмПарт
09485-06505,KOMATSU,KOMATSU,ИмПарт
07102-30412,KOMATSU,KOMATSU,ИмПарт
09485-06503,KOMATSU,KOMATSU,ИмПарт
17M-911-2480,KOMATSU,KOMATSU,ИмПарт
195-43-45970,KOMATSU,KOMATSU,ИмПарт
01010-61485,KOMATSU,KOMATSU,ИмПарт
07000-15140,KOMATSU,KOMATSU,ИмПарт
07000-72075,KOMATSU,KOMATSU,ИмПарт
07000-15210,KOMATSU,KOMATSU,ИмПарт
07000-45220,KOMATSU,KOMATSU,ИмПарт
07000-75210,KOMATSU,KOMATSU,ИмПарт
07000-55240,KOMATSU,KOMATSU,ИмПарт
07002-51423,KOMATSU,KOMATSU,ИмПарт
07042-20108,KOMATSU,KOMATSU,ИмПарт
07206-31014,KOMATSU,KOMATSU,ИмПарт
19M-43-15350,KOMATSU,KOMATSU,ИмПарт
20Y-62-19560,KOMATSU,KOMATSU,ИмПарт
01010-81245,KOMATSU,KOMATSU,ИмПарт
195-43-49130,KOMATSU,KOMATSU,ИмПарт
195-15-12880,KOMATSU,KOMATSU,ИмПарт
195-30-64241,KOMATSU,KOMATSU,ИмПарт
195-40-00901,KOMATSU,KOMATSU,ИмПарт
208-979-7620,KOMATSU,KOMATSU,ИмПарт
07063-01142,KOMATSU,KOMATSU,ИмПарт
17M-911-3530,KOMATSU,KOMATSU,ИмПарт
20Y-60-21470,KOMATSU,KOMATSU,ИмПарт
421-60-35170,KOMATSU,KOMATSU,ИмПарт
600-185-6100,KOMATSU,KOMATSU,ИмПарт
600-311-8321,KOMATSU,KOMATSU,ИмПарт
600-319-3550,KOMATSU,KOMATSU,ИмПарт
01643-22460,KOMATSU,KOMATSU,ИмПарт
K120040,KOMATSU,KOMATSU,ИмПарт
425-847-1191,KOMATSU,KOMATSU,ИмПарт
195-30-34360,KOMATSU,KOMATSU,ИмПарт
195-71-52140,KOMATSU,KOMATSU,ИмПарт
