Product code,Language,Vendor,Max quantity,Quantity step,List qty count,Out of stock actions,Promo text,Product URL,Image URL,Detailed image URL,Items in box,Box size,Usergroup IDs,Available since,Options type,Exceptions type,Variation group code,Variation group id,Variation parent product id,Variation sub group id,Variation set as default,Discussion,Product id,Category,List price,Price,Weight,Quantity,Min quantity,Shipping freight,Date added,Downloadable,Files,Ship downloadable,Inventory tracking,Free shipping,Zero price action,Thumbnail,Detailed image,Product name,Description,Meta keywords,Meta description,Search words,Page title,Taxes,Features,Options,Secondary categories,SEO name,Short description,Status,Popularity
"V18-00-00190928","ru","ООО ""Тестовая компания ПРОДАВЕЦ""","0","0","0","N","","https://service.parts/products/6742-01-1440-remkomplekt-ru/","","","min:0;max:0","length:0;width:0;height:0","0","","P","F","","","","","","D","81278","Products","0.00","7535.27","0.454","0","0","0.00","29 Apr 2020 13:22:00","N","","N","B","N","R","","","6742-01-1440 РЕМКОМПЛЕКТ","6742-01-1440 РЕМКОМПЛЕКТ","","","","","НДС","(Основные характеристики) Производитель: S[KOMATSU]; (Основные характеристики) Код производителя: S[6742-01-1440]; Список номеров аналогов : M[6742-01-1440;AAA-6742-01-1440]; Бренд техники, на которую запчасть подходит: M[KOMATSU]","","","6742-01-1440-remkomplekt-ru","","A","3"
"V18-00-00190932","ru","ООО ""Тестовая компания ПРОДАВЕЦ""","0","0","0","N","","https://service.parts/products/22b-06-11690-fara-v-sbore-ru/","","","min:0;max:0","length:0;width:0;height:0","0","","P","F","","","","","","D","81279","Products","0.00","8188.99","0.750","0","0","0.00","29 Apr 2020 13:22:00","N","","N","B","N","R","","","22B-06-11690 ФАРА В СБОРЕ","22B-06-11690 ФАРА В СБОРЕ","","","","","НДС","(Основные характеристики) Производитель: S[KOMATSU]; (Основные характеристики) Код производителя: S[22B-06-11690]; Список номеров аналогов : M[22B-06-11690;AAA-22B-06-11690]; Бренд техники, на которую запчасть подходит: M[KOMATSU]","","","22b-06-11690-fara-v-sbore-ru","","A","3"
"V18-00-00190973","ru","ООО ""Тестовая компания ПРОДАВЕЦ""","0","0","0","N","","https://service.parts/products/21t-03-32430-shlang-ru/","","","min:0;max:0","length:0;width:0;height:0","0","","P","F","","","","","","D","81280","Products","0.00","11443.72","0.690","0","0","0.00","29 Apr 2020 13:22:00","N","","N","B","N","R","","","21T-03-32430 ШЛАНГ","21T-03-32430 ШЛАНГ","","","","","НДС","(Основные характеристики) Производитель: S[KOMATSU]; (Основные характеристики) Код производителя: S[21T-03-32430]; Список номеров аналогов : M[21T-03-32430;AAA-21T-03-32430]; Бренд техники, на которую запчасть подходит: M[KOMATSU]","","","21t-03-32430-shlang-ru","","A","0"
"V18-00-00191030","ru","ООО ""Тестовая компания ПРОДАВЕЦ""","0","0","0","N","","https://service.parts/products/6240-21-2430-bolt-ru/","","","min:0;max:0","length:0;width:0;height:0","0","","P","F","","","","","","D","81281","Products","0.00","1069.20","0.095","0","0","0.00","29 Apr 2020 13:22:00","N","","N","B","N","R","","","6240-21-2430 БОЛТ","6240-21-2430 БОЛТ","","","","","НДС","(Основные характеристики) Производитель: S[KOMATSU]; (Основные характеристики) Код производителя: S[6240-21-2430]; Список номеров аналогов : M[6240-21-2430;AAA-6240-21-2430]; Бренд техники, на которую запчасть подходит: M[KOMATSU]","","","6240-21-2430-bolt-ru","","A","0"
"V18-00-00191031","ru","ООО ""Тестовая компания ПРОДАВЕЦ""","0","0","0","N","","https://service.parts/products/6553-91-3650-bolt-ru/","","","min:0;max:0","length:0;width:0;height:0","0","","P","F","","","","","","D","81282","Products","0.00","2451.43","0.100","0","0","0.00","29 Apr 2020 13:22:00","N","","N","B","N","R","","","6553-91-3650 БОЛТ","6553-91-3650 БОЛТ","","","","","НДС","(Основные характеристики) Производитель: S[KOMATSU]; (Основные характеристики) Код производителя: S[6553-91-3650]; Список номеров аналогов : M[6553-91-3650;AAA-6553-91-3650]; Бренд техники, на которую запчасть подходит: M[KOMATSU]","","","6553-91-3650-bolt-ru","","A","0"
"V18-00-00191055","ru","ООО ""Тестовая компания ПРОДАВЕЦ""","0","0","0","N","","https://service.parts/products/6219-51-2280-shlang-ru/","","","min:0;max:0","length:0;width:0;height:0","0","","P","F","","","","","","D","81283","Products","0.00","8956.40","0.221","0","0","0.00","29 Apr 2020 13:22:00","N","","N","B","N","R","","","6219-51-2280 ШЛАНГ","6219-51-2280 ШЛАНГ","","","","","НДС","(Основные характеристики) Производитель: S[KOMATSU]; (Основные характеристики) Код производителя: S[6219-51-2280]; Список номеров аналогов : M[6219-51-2280;AAA-6219-51-2280]; Бренд техники, на которую запчасть подходит: M[KOMATSU]","","","6219-51-2280-shlang-ru","","A","0"
"V18-00-00191056","ru","ООО ""Тестовая компания ПРОДАВЕЦ""","0","0","0","N","","https://service.parts/products/6219-71-6820-shlang-ru/","","","min:0;max:0","length:0;width:0;height:0","0","","P","F","","","","","","D","81284","Products","0.00","6949.25","0.260","0","0","0.00","29 Apr 2020 13:22:00","N","","N","B","N","R","","","6219-71-6820 ШЛАНГ","6219-71-6820 ШЛАНГ","","","","","НДС","(Основные характеристики) Производитель: S[KOMATSU]; (Основные характеристики) Код производителя: S[6219-71-6820]; Список номеров аналогов : M[6219-71-6820;AAA-6219-71-6820]; Бренд техники, на которую запчасть подходит: M[KOMATSU]","","","6219-71-6820-shlang-ru","","A","0"
"V18-00-00191103","ru","ООО ""Тестовая компания ПРОДАВЕЦ""","0","0","0","N","","https://service.parts/products/6166-91-6160-otvod-ru/","","","min:0;max:0","length:0;width:0;height:0","0","","P","F","","","","","","D","81285","Products","0.00","1538.16","0.162","0","0","0.00","29 Apr 2020 13:22:00","N","","N","B","N","R","","","6166-91-6160 ОТВОД","6166-91-6160 ОТВОД","","","","","НДС","(Основные характеристики) Производитель: S[KOMATSU]; (Основные характеристики) Код производителя: S[6166-91-6160]; Список номеров аналогов : M[6166-91-6160;AAA-6166-91-6160]; Бренд техники, на которую запчасть подходит: M[KOMATSU]","","","6166-91-6160-otvod-ru","","A","0"
"V18-00-00191163","ru","ООО ""Тестовая компания ПРОДАВЕЦ""","0","0","0","N","","https://service.parts/products/6219-61-1470-krylchatka-ru/","","","min:0;max:0","length:0;width:0;height:0","0","","P","F","","","","","","D","81286","Products","0.00","38022.32","1.500","0","0","0.00","29 Apr 2020 13:22:00","N","","N","B","N","R","","","6219-61-1470 КРЫЛЬЧАТКА","6219-61-1470 КРЫЛЬЧАТКА","","","","","НДС","(Основные характеристики) Производитель: S[KOMATSU]; (Основные характеристики) Код производителя: S[6219-61-1470]; Список номеров аналогов : M[6219-61-1470;AAA-6219-61-1470]; Бренд техники, на которую запчасть подходит: M[KOMATSU]","","","6219-61-1470-krylchatka-ru","","A","0"
"V18-00-00191179","ru","ООО ""Тестовая компания ПРОДАВЕЦ""","0","0","0","N","","https://service.parts/products/6127-61-3920-vnutrennyaya-oboyma-ru/","","","min:0;max:0","length:0;width:0;height:0","0","","P","F","","","","","","D","81287","Products","0.00","9740.62","0.150","0","0","0.00","29 Apr 2020 13:22:00","N","","N","B","N","R","","","6127-61-3920 ВНУТРЕННЯЯ ОБОЙМА","6127-61-3920 ВНУТРЕННЯЯ ОБОЙМА","","","","","НДС","(Основные характеристики) Производитель: S[KOMATSU]; (Основные характеристики) Код производителя: S[6127-61-3920]; Список номеров аналогов : M[6127-61-3920;AAA-6127-61-3920]; Бренд техники, на которую запчасть подходит: M[KOMATSU]","","","6127-61-3920-vnutrennyaya-oboyma-ru","","A","0"
"V18-00-00191185","ru","ООО ""Тестовая компания ПРОДАВЕЦ""","0","0","0","N","","https://service.parts/products/6210-71-5370-bolt-s-shestigrannoy-golovkoy-ru/","","","min:0;max:0","length:0;width:0;height:0","0","","P","F","","","","","","D","81288","Products","0.00","2455.91","0.011","0","0","0.00","29 Apr 2020 13:22:00","N","","N","B","N","R","","","6210-71-5370 БОЛТ С ШЕСТИГРАННОЙ ГОЛОВКОЙ","6210-71-5370 БОЛТ С ШЕСТИГРАННОЙ ГОЛОВКОЙ","","","","","НДС","(Основные характеристики) Производитель: S[KOMATSU]; (Основные характеристики) Код производителя: S[6210-71-5370]; Список номеров аналогов : M[6210-71-5370;AAA-6210-71-5370]; Бренд техники, на которую запчасть подходит: M[KOMATSU]","","","6210-71-5370-bolt-s-shestigrannoy-golovkoy-ru","","A","0"
"V18-00-00191190","ru","ООО ""Тестовая компания ПРОДАВЕЦ""","0","0","0","N","","https://service.parts/products/6150-71-3160-stopor-ru/","","","min:0;max:0","length:0;width:0;height:0","0","","P","F","","","","","","D","81289","Products","0.00","295.07","0.007","0","0","0.00","29 Apr 2020 13:22:00","N","","N","B","N","R","","","6150-71-3160 СТОПОР","6150-71-3160 СТОПОР","","","","","НДС","(Основные характеристики) Производитель: S[KOMATSU]; (Основные характеристики) Код производителя: S[6150-71-3160]; Список номеров аналогов : M[6150-71-3160;AAA-6150-71-3160]; Бренд техники, на которую запчасть подходит: M[KOMATSU]","","","6150-71-3160-stopor-ru","","A","0"
"V18-00-00191218","ru","ООО ""Тестовая компания ПРОДАВЕЦ""","0","0","0","N","","https://service.parts/products/21t-06-32810-fara-ru/","","","min:0;max:0","length:0;width:0;height:0","0","","P","F","","","","","","D","81290","Products","0.00","16178.28","0.750","0","0","0.00","29 Apr 2020 13:22:00","N","","N","B","N","R","","","21T-06-32810 ФАРА","21T-06-32810 ФАРА","","","","","НДС","(Основные характеристики) Производитель: S[KOMATSU]; (Основные характеристики) Код производителя: S[21T-06-32810]; Список номеров аналогов : M[21T-06-32810;AAA-21T-06-32810]; Бренд техники, на которую запчасть подходит: M[KOMATSU]","","","21t-06-32810-fara-ru","","A","0"
"V18-00-00191233","ru","ООО ""Тестовая компания ПРОДАВЕЦ""","0","0","0","N","","https://service.parts/products/195-z11-4510-fiksator-ru/","","","min:0;max:0","length:0;width:0;height:0","0","","P","F","","","","","","D","81291","Products","0.00","8650.11","0.360","0","0","0.00","29 Apr 2020 13:22:00","N","","N","B","N","R","","","195-Z11-4510 ФИКСАТОР","195-Z11-4510 ФИКСАТОР","","","","","НДС","(Основные характеристики) Производитель: S[KOMATSU]; (Основные характеристики) Код производителя: S[195-Z11-4510]; Список номеров аналогов : M[195-Z11-4510;AAA-195-Z11-4510]; Бренд техники, на которую запчасть подходит: M[KOMATSU]","","","195-z11-4510-fiksator-ru","","A","0"
"V18-00-00191240","ru","ООО ""Тестовая компания ПРОДАВЕЦ""","0","0","0","N","","https://service.parts/products/6156-11-4480-shlang-ru/","","","min:0;max:0","length:0;width:0;height:0","0","","P","F","","","","","","D","81292","Products","0.00","10300.19","0.260","0","0","0.00","29 Apr 2020 13:22:00","N","","N","B","N","R","","","6156-11-4480 ШЛАНГ","6156-11-4480 ШЛАНГ","","","","","НДС","(Основные характеристики) Производитель: S[KOMATSU]; (Основные характеристики) Код производителя: S[6156-11-4480]; Список номеров аналогов : M[6156-11-4480;AAA-6156-11-4480]; Бренд техники, на которую запчасть подходит: M[KOMATSU]","","","6156-11-4480-shlang-ru","","A","0"
"V18-00-00191244","ru","ООО ""Тестовая компания ПРОДАВЕЦ""","0","0","0","N","","https://service.parts/products/6215-51-6610-shlang-ru/","","","min:0;max:0","length:0;width:0;height:0","0","","P","F","","","","","","D","81293","Products","0.00","2124.94","0.100","0","0","0.00","29 Apr 2020 13:22:00","N","","N","B","N","R","","","6215-51-6610 ШЛАНГ","6215-51-6610 ШЛАНГ","","","","","НДС","(Основные характеристики) Производитель: S[KOMATSU]; (Основные характеристики) Код производителя: S[6215-51-6610]; Список номеров аналогов : M[6215-51-6610;AAA-6215-51-6610]; Бренд техники, на которую запчасть подходит: M[KOMATSU]","","","6215-51-6610-shlang-ru","","A","0"
"V18-00-00191263","ru","ООО ""Тестовая компания ПРОДАВЕЦ""","0","0","0","N","","https://service.parts/products/6240-11-7110-kozhuh-mahovika-stal-ru/","","","min:0;max:0","length:0;width:0;height:0","0","","P","F","","","","","","D","81294","Products","0.00","30931.70","4.470","0","0","0.00","29 Apr 2020 13:22:00","N","","N","B","N","R","","","6240-11-7110 КОЖУХ МАХОВИКА СТАЛЬ","6240-11-7110 КОЖУХ МАХОВИКА СТАЛЬ","","","","","НДС","(Основные характеристики) Производитель: S[KOMATSU]; (Основные характеристики) Код производителя: S[6240-11-7110]; Список номеров аналогов : M[6240-11-7110;AAA-6240-11-7110]; Бренд техники, на которую запчасть подходит: M[KOMATSU]","","","6240-11-7110-kozhuh-mahovika-stal-ru","","A","3"
"V18-00-00191307","ru","ООО ""Тестовая компания ПРОДАВЕЦ""","0","0","0","N","","https://service.parts/products/07206-30812-soedinenie-ru/","","","min:0;max:0","length:0;width:0;height:0","0","","P","F","","","","","","D","81295","Products","0.00","841.45","0.040","0","0","0.00","29 Apr 2020 13:22:00","N","","N","B","N","R","","","07206-30812 СОЕДИНЕНИЕ","07206-30812 СОЕДИНЕНИЕ","","","","","НДС","(Основные характеристики) Производитель: S[KOMATSU]; (Основные характеристики) Код производителя: S[07206-30812]; Список номеров аналогов : M[07206-30812;AAA-07206-30812]; Бренд техники, на которую запчасть подходит: M[KOMATSU]","","","07206-30812-soedinenie-ru","","A","0"
"V18-00-00191333","ru","ООО ""Тестовая компания ПРОДАВЕЦ""","0","0","0","N","","https://service.parts/products/ca0116962-vtulka-ru/","","","min:0;max:0","length:0;width:0;height:0","0","","P","F","","","","","","D","81296","Products","0.00","864.99","0.069","0","0","0.00","29 Apr 2020 13:22:00","N","","N","B","N","R","","","CA0116962 ВТУЛКА","CA0116962 ВТУЛКА","","","","","НДС","(Основные характеристики) Производитель: S[KOMATSU]; (Основные характеристики) Код производителя: S[CA0116962]; Список номеров аналогов : M[AAA-CA0116962;CA0116962]; Бренд техники, на которую запчасть подходит: M[KOMATSU]","","","ca0116962-vtulka-ru","","A","0"
"V18-00-00191334","ru","ООО ""Тестовая компания ПРОДАВЕЦ""","0","0","0","N","","https://service.parts/products/ca0125161-podshipnik-skolzheniya-transmissii-ru/","","","min:0;max:0","length:0;width:0;height:0","0","","P","F","","","","","","D","81297","Products","0.00","1055.06","0.125","0","0","0.00","29 Apr 2020 13:22:00","N","","N","B","N","R","","","CA0125161 ПОДШИПНИК СКОЛЬЖЕНИЯ ТРАНСМИССИИ","CA0125161 ПОДШИПНИК СКОЛЬЖЕНИЯ ТРАНСМИССИИ","","","","","НДС","(Основные характеристики) Производитель: S[KOMATSU]; (Основные характеристики) Код производителя: S[CA0125161]; Список номеров аналогов : M[AAA-CA0125161;CA0125161]; Бренд техники, на которую запчасть подходит: M[KOMATSU]","","","ca0125161-podshipnik-skolzheniya-transmissii-ru","","A","0"
"V18-00-00191340","ru","ООО ""Тестовая компания ПРОДАВЕЦ""","0","0","0","N","","https://service.parts/products/14x-30-12181-vtulka-ru/","","","min:0;max:0","length:0;width:0;height:0","0","","P","F","","","","","","D","81298","Products","0.00","1771.20","0.460","0","0","0.00","29 Apr 2020 13:22:00","N","","N","B","N","R","","","14X-30-12181 ВТУЛКА","14X-30-12181 ВТУЛКА","","","","","НДС","(Основные характеристики) Производитель: S[KOMATSU]; (Основные характеристики) Код производителя: S[14X-30-12181]; Список номеров аналогов : M[14X-30-12181;AAA-14X-30-12181]; Бренд техники, на которую запчасть подходит: M[KOMATSU]","","","14x-30-12181-vtulka-ru","","A","0"
"V18-00-00191342","ru","ООО ""Тестовая компания ПРОДАВЕЦ""","0","0","0","N","","https://service.parts/products/14y-50-11421-vtulka-ru/","","","min:0;max:0","length:0;width:0;height:0","0","","P","F","","","","","","D","81299","Products","0.00","14472.23","0.220","0","0","0.00","29 Apr 2020 13:22:00","N","","N","B","N","R","","","14Y-50-11421 ВТУЛКА","14Y-50-11421 ВТУЛКА","","","","","НДС","(Основные характеристики) Производитель: S[KOMATSU]; (Основные характеристики) Код производителя: S[14Y-50-11421]; Список номеров аналогов : M[14Y-50-11421;AAA-14Y-50-11421]; Бренд техники, на которую запчасть подходит: M[KOMATSU]","","","14y-50-11421-vtulka-ru","","A","0"
"V18-00-00191377","ru","ООО ""Тестовая компания ПРОДАВЕЦ""","0","0","0","N","","https://service.parts/products/01531-08516-gayka-ru/","","","min:0;max:0","length:0;width:0;height:0","0","","P","F","","","","","","D","81300","Products","0.00","6005.71","0.530","0","0","0.00","29 Apr 2020 13:22:00","N","","N","B","N","R","","","01531-08516 ГАЙКА","01531-08516 ГАЙКА","","","","","НДС","(Основные характеристики) Производитель: S[KOMATSU]; (Основные характеристики) Код производителя: S[01531-08516]; Список номеров аналогов : M[01531-08516;AAA-01531-08516]; Бренд техники, на которую запчасть подходит: M[KOMATSU]","","","01531-08516-gayka-ru","","A","18"
"V18-00-00191382","ru","ООО ""Тестовая компания ПРОДАВЕЦ""","0","0","0","N","","https://service.parts/products/01582-01210-gayka-ru/","","","min:0;max:0","length:0;width:0;height:0","0","","P","F","","","","","","D","81301","Products","0.00","74.04","0.015","0","0","0.00","29 Apr 2020 13:22:00","N","","N","B","N","R","","","01582-01210 ГАЙКА","01582-01210 ГАЙКА","","","","","НДС","(Основные характеристики) Производитель: S[KOMATSU]; (Основные характеристики) Код производителя: S[01582-01210]; Список номеров аналогов : M[01582-01210;AAA-01582-01210]; Бренд техники, на которую запчасть подходит: M[KOMATSU]","","","01582-01210-gayka-ru","","A","0"
"V18-00-00191412","ru","ООО ""Тестовая компания ПРОДАВЕЦ""","0","0","0","N","","https://service.parts/products/ca0046222-uplotnitelnoe-kolco-ru/","","","min:0;max:0","length:0;width:0;height:0","0","","P","F","","","","","","D","81302","Products","0.00","104.68","0.020","0","0","0.00","29 Apr 2020 13:22:00","N","","N","B","N","R","","","CA0046222 УПЛОТНИТЕЛЬНОЕ КОЛЬЦО","CA0046222 УПЛОТНИТЕЛЬНОЕ КОЛЬЦО","","","","","НДС","(Основные характеристики) Производитель: S[KOMATSU]; (Основные характеристики) Код производителя: S[CA0046222]; Список номеров аналогов : M[AAA-CA0046222;CA0046222]; Бренд техники, на которую запчасть подходит: M[KOMATSU]","","","ca0046222-uplotnitelnoe-kolco-ru","","A","0"
"V18-00-00191415","ru","ООО ""Тестовая компания ПРОДАВЕЦ""","0","0","0","N","","https://service.parts/products/195-z11-4520-zamok-dveri-kabiny-ru/","","","min:0;max:0","length:0;width:0;height:0","0","","P","F","","","","","","D","81303","Products","0.00","7595.49","0.360","0","0","0.00","29 Apr 2020 13:22:00","N","","N","B","N","R","","","195-Z11-4520 ЗАМОК ДВЕРИ КАБИНЫ","195-Z11-4520 ЗАМОК ДВЕРИ КАБИНЫ","","","","","НДС","(Основные характеристики) Производитель: S[KOMATSU]; (Основные характеристики) Код производителя: S[195-Z11-4520]; Список номеров аналогов : M[195-Z11-4520;AAA-195-Z11-4520]; Бренд техники, на которую запчасть подходит: M[KOMATSU]","","","195-z11-4520-zamok-dveri-kabiny-ru","","A","0"
"V18-00-00191431","ru","ООО ""Тестовая компания ПРОДАВЕЦ""","0","0","0","N","","https://service.parts/products/nd095420-0140-redukcionnyy-klapan-ru/","","","min:0;max:0","length:0;width:0;height:0","0","","P","F","","","","","","D","81304","Products","0.00","29125.39","0.130","0","0","0.00","29 Apr 2020 13:22:00","N","","N","B","N","R","","","ND095420-0140 РЕДУКЦИОННЫЙ КЛАПАН","ND095420-0140 РЕДУКЦИОННЫЙ КЛАПАН","","","","","НДС","(Основные характеристики) Производитель: S[KOMATSU]; (Основные характеристики) Код производителя: S[ND095420-0140]; Список номеров аналогов : M[AAA-ND095420-0140;ND095420-0140]; Бренд техники, на которую запчасть подходит: M[KOMATSU]","","","nd095420-0140-redukcionnyy-klapan-ru","","A","0"
"V18-00-00191443","ru","ООО ""Тестовая компания ПРОДАВЕЦ""","0","0","0","N","","https://service.parts/products/6732-11-3320-nabor-forsunok-ru/","","","min:0;max:0","length:0;width:0;height:0","0","","P","F","","","","","","D","81305","Products","0.00","23728.88","0.210","0","0","0.00","29 Apr 2020 13:22:00","N","","N","B","N","R","","","6732-11-3320 НАБОР ФОРСУНОК","6732-11-3320 НАБОР ФОРСУНОК","","","","","НДС","(Основные характеристики) Производитель: S[KOMATSU]; (Основные характеристики) Код производителя: S[6732-11-3320]; Список номеров аналогов : M[6732-11-3320;AAA-6732-11-3320]; Бренд техники, на которую запчасть подходит: M[KOMATSU]","","","6732-11-3320-nabor-forsunok-ru","","A","0"
"V18-00-00191483","ru","ООО ""Тестовая компания ПРОДАВЕЦ""","0","0","0","N","","https://service.parts/products/01598-00608-bolt-ru/","","","min:0;max:0","length:0;width:0;height:0","0","","P","F","","","","","","D","81306","Products","0.00","53.86","0.004","0","0","0.00","29 Apr 2020 13:22:00","N","","N","B","N","R","","","01598-00608 БОЛТ","01598-00608 БОЛТ","","","","","НДС","(Основные характеристики) Производитель: S[KOMATSU]; (Основные характеристики) Код производителя: S[01598-00608]; Список номеров аналогов : M[01598-00608;AAA-01598-00608]; Бренд техники, на которую запчасть подходит: M[KOMATSU]","","","01598-00608-bolt-ru","","A","0"
"V18-00-00191484","ru","ООО ""Тестовая компания ПРОДАВЕЦ""","0","0","0","N","","https://service.parts/products/02290-11016-gayka-ru/","","","min:0;max:0","length:0;width:0;height:0","0","","P","F","","","","","","D","81307","Products","0.00","105.39","0.030","0","0","0.00","29 Apr 2020 13:22:00","N","","N","B","N","R","","","02290-11016 ГАЙКА","02290-11016 ГАЙКА","","","","","НДС","(Основные характеристики) Производитель: S[KOMATSU]; (Основные характеристики) Код производителя: S[02290-11016]; Список номеров аналогов : M[02290-11016;AAA-02290-11016]; Бренд техники, на которую запчасть подходит: M[KOMATSU]","","","02290-11016-gayka-ru","","A","0"
"V18-00-00191487","ru","ООО ""Тестовая компания ПРОДАВЕЦ""","0","0","0","N","","https://service.parts/products/6150-61-2580-gayka-ru/","","","min:0;max:0","length:0;width:0;height:0","0","","P","F","","","","","","D","81308","Products","0.00","768.52","0.008","0","0","0.00","29 Apr 2020 13:22:00","N","","N","B","N","R","","","6150-61-2580 ГАЙКА","6150-61-2580 ГАЙКА","","","","","НДС","(Основные характеристики) Производитель: S[KOMATSU]; (Основные характеристики) Код производителя: S[6150-61-2580]; Список номеров аналогов : M[6150-61-2580;AAA-6150-61-2580]; Бренд техники, на которую запчасть подходит: M[KOMATSU]","","","6150-61-2580-gayka-ru","","A","0"
"V18-00-00192732","ru","ООО ""Тестовая компания ПРОДАВЕЦ""","0","0","0","N","","https://service.parts/products/287-33-11160-o-kolco-ru/","","","min:0;max:0","length:0;width:0;height:0","0","","P","F","","","","","","D","81309","Products","0.00","6519.55","0.070","0","0","0.00","29 Apr 2020 13:22:00","N","","N","B","N","R","","","287-33-11160 О-КОЛЬЦО","287-33-11160 О-КОЛЬЦО","","","","","НДС","(Основные характеристики) Производитель: S[KOMATSU]; (Основные характеристики) Код производителя: S[287-33-11160]; Список номеров аналогов : M[287-33-11160;AAA-287-33-11160]; Бренд техники, на которую запчасть подходит: M[KOMATSU]","","","287-33-11160-o-kolco-ru","","A","0"
"V18-00-00192739","ru","ООО ""Тестовая компания ПРОДАВЕЦ""","0","0","0","N","","https://service.parts/products/20x-70-00100-shtift-v-sbore-ru/","","","min:0;max:0","length:0;width:0;height:0","0","","P","F","","","","","","D","81310","Products","0.00","1448.15","0.163","0","0","0.00","29 Apr 2020 13:22:00","N","","N","B","N","R","","","20X-70-00100 ШТИФТ В СБОРЕ","20X-70-00100 ШТИФТ В СБОРЕ","","","","","НДС","(Основные характеристики) Производитель: S[KOMATSU]; (Основные характеристики) Код производителя: S[20X-70-00100]; Список номеров аналогов : M[20X-70-00100;AAA-20X-70-00100]; Бренд техники, на которую запчасть подходит: M[KOMATSU]","","","20x-70-00100-shtift-v-sbore-ru","","A","0"
"V18-00-00192778","ru","ООО ""Тестовая компания ПРОДАВЕЦ""","0","0","0","N","","https://service.parts/products/37b-09-2t080-palec-krepezhnyy-ru/","","","min:0;max:0","length:0;width:0;height:0","0","","P","F","","","","","","D","81311","Products","0.00","7325.90","2.910","0","0","0.00","29 Apr 2020 13:22:00","N","","N","B","N","R","","","37B-09-2T080 ПАЛЕЦ КРЕПЕЖНЫЙ","37B-09-2T080 ПАЛЕЦ КРЕПЕЖНЫЙ","","","","","НДС","(Основные характеристики) Производитель: S[KOMATSU]; (Основные характеристики) Код производителя: S[37B-09-2T080]; Список номеров аналогов : M[37B-09-2T080;AAA-37B-09-2T080]; Бренд техники, на которую запчасть подходит: M[KOMATSU]","","","37b-09-2t080-palec-krepezhnyy-ru","","A","0"
"V18-00-00192780","ru","ООО ""Тестовая компания ПРОДАВЕЦ""","0","0","0","N","","https://service.parts/products/14y-50-11314-shtift-ru/","","","min:0;max:0","length:0;width:0;height:0","0","","P","F","","","","","","D","81312","Products","0.00","32144.17","5.600","0","0","0.00","29 Apr 2020 13:22:00","N","","N","B","N","R","","","14Y-50-11314 ШТИФТ","14Y-50-11314 ШТИФТ","","","","","НДС","(Основные характеристики) Производитель: S[KOMATSU]; (Основные характеристики) Код производителя: S[14Y-50-11314]; Список номеров аналогов : M[14Y-50-11314;AAA-14Y-50-11314]; Бренд техники, на которую запчасть подходит: M[KOMATSU]","","","14y-50-11314-shtift-ru","","A","0"
"V18-00-00192789","ru","ООО ""Тестовая компания ПРОДАВЕЦ""","0","0","0","N","","https://service.parts/products/234-27-31370-plastina-ru/","","","min:0;max:0","length:0;width:0;height:0","0","","P","F","","","","","","D","81313","Products","0.00","5792.54","0.370","0","0","0.00","29 Apr 2020 13:22:00","N","","N","B","N","R","","","234-27-31370 ПЛАСТИНА","234-27-31370 ПЛАСТИНА","","","","","НДС","(Основные характеристики) Производитель: S[KOMATSU]; (Основные характеристики) Код производителя: S[234-27-31370]; Список номеров аналогов : M[234-27-31370;AAA-234-27-31370]; Бренд техники, на которую запчасть подходит: M[KOMATSU]","","","234-27-31370-plastina-ru","","A","0"
"V18-00-00192791","ru","ООО ""Тестовая компания ПРОДАВЕЦ""","0","0","0","N","","https://service.parts/products/419-54-15690-nakladka-ru/","","","min:0;max:0","length:0;width:0;height:0","0","","P","F","","","","","","D","81314","Products","0.00","145.85","0.010","0","0","0.00","29 Apr 2020 13:22:00","N","","N","B","N","R","","","419-54-15690 НАКЛАДКА","419-54-15690 НАКЛАДКА","","","","","НДС","(Основные характеристики) Производитель: S[KOMATSU]; (Основные характеристики) Код производителя: S[419-54-15690]; Список номеров аналогов : M[419-54-15690;AAA-419-54-15690]; Бренд техники, на которую запчасть подходит: M[KOMATSU]","","","419-54-15690-nakladka-ru","","A","0"
"V18-00-00192797","ru","ООО ""Тестовая компания ПРОДАВЕЦ""","0","0","0","N","","https://service.parts/products/6240-21-9410-plastina-ru/","","","min:0;max:0","length:0;width:0;height:0","0","","P","F","","","","","","D","81315","Products","0.00","27745.41","0.450","0","0","0.00","29 Apr 2020 13:22:00","N","","N","B","N","R","","","6240-21-9410 ПЛАСТИНА","6240-21-9410 ПЛАСТИНА","","","","","НДС","(Основные характеристики) Производитель: S[KOMATSU]; (Основные характеристики) Код производителя: S[6240-21-9410]; Список номеров аналогов : M[6240-21-9410;AAA-6240-21-9410]; Бренд техники, на которую запчасть подходит: M[KOMATSU]","","","6240-21-9410-plastina-ru","","A","0"
"V18-00-00192842","ru","ООО ""Тестовая компания ПРОДАВЕЦ""","0","0","0","N","","https://service.parts/products/kp30c-palec-ru/","","","min:0;max:0","length:0;width:0;height:0","0","","P","F","","","","","","D","81316","Products","0.00","4316.59","0.590","0","0","0.00","29 Apr 2020 13:22:00","N","","N","B","N","R","","","KP30C ПАЛЕЦ","KP30C ПАЛЕЦ","","","","","НДС","(Основные характеристики) Производитель: S[KOMATSU]; (Основные характеристики) Код производителя: S[KP30C]; Список номеров аналогов : M[AAA-KP30C;KP30C]; Бренд техники, на которую запчасть подходит: M[KOMATSU]","","","kp30c-palec-ru","","A","0"
"V18-00-00192858","ru","ООО ""Тестовая компания ПРОДАВЕЦ""","0","0","0","N","","https://service.parts/products/195-15-42431-shesternya-transmissii-ru/","","","min:0;max:0","length:0;width:0;height:0","0","","P","F","","","","","","D","81317","Products","0.00","20295.77","1.210","0","0","0.00","29 Apr 2020 13:22:00","N","","N","B","N","R","","","195-15-42431 ШЕСТЕРНЯ ТРАНСМИССИИ","195-15-42431 ШЕСТЕРНЯ ТРАНСМИССИИ","","","","","НДС","(Основные характеристики) Производитель: S[KOMATSU]; (Основные характеристики) Код производителя: S[195-15-42431]; Список номеров аналогов : M[195-15-42431;AAA-195-15-42431]; Бренд техники, на которую запчасть подходит: M[KOMATSU]","","","195-15-42431-shesternya-transmissii-ru","","A","0"
"V18-00-00192879","ru","ООО ""Тестовая компания ПРОДАВЕЦ""","0","0","0","N","","https://service.parts/products/6216-84-9740-uplotnenie-ru/","","","min:0;max:0","length:0;width:0;height:0","0","","P","F","","","","","","D","81318","Products","0.00","840.33","0.001","0","0","0.00","29 Apr 2020 13:22:00","N","","N","B","N","R","","","6216-84-9740 УПЛОТНЕНИЕ","6216-84-9740 УПЛОТНЕНИЕ","","","","","НДС","(Основные характеристики) Производитель: S[KOMATSU]; (Основные характеристики) Код производителя: S[6216-84-9740]; Список номеров аналогов : M[6216-84-9740;AAA-6216-84-9740]; Бренд техники, на которую запчасть подходит: M[KOMATSU]","","","6216-84-9740-uplotnenie-ru","","A","0"
"V18-00-00192881","ru","ООО ""Тестовая компания ПРОДАВЕЦ""","0","0","0","N","","https://service.parts/products/6553-71-8550-prokladka-tip-o-ru/","","","min:0;max:0","length:0;width:0;height:0","0","","P","F","","","","","","D","81319","Products","0.00","743.85","0.001","0","0","0.00","29 Apr 2020 13:22:00","N","","N","B","N","R","","","6553-71-8550  ПРОКЛАДКА  ТИП ""О""","6553-71-8550  ПРОКЛАДКА  ТИП ""О""","","","","","НДС","(Основные характеристики) Производитель: S[KOMATSU]; (Основные характеристики) Код производителя: S[6553-71-8550]; Список номеров аналогов : M[6553-71-8550;AAA-6553-71-8550]; Бренд техники, на которую запчасть подходит: M[KOMATSU]","","","6553-71-8550-prokladka-tip-o-ru","","A","0"
"V18-00-00192920","ru","ООО ""Тестовая компания ПРОДАВЕЦ""","0","0","0","N","","https://service.parts/products/234-27-31961-probka-zaglushka-ru/","","","min:0;max:0","length:0;width:0;height:0","0","","P","F","","","","","","D","81320","Products","0.00","934.58","0.010","0","0","0.00","29 Apr 2020 13:22:00","N","","N","B","N","R","","","234-27-31961 ПРОБКА / ЗАГЛУШКА","234-27-31961 ПРОБКА / ЗАГЛУШКА","","","","","НДС","(Основные характеристики) Производитель: S[KOMATSU]; (Основные характеристики) Код производителя: S[234-27-31961]; Список номеров аналогов : M[234-27-31961;AAA-234-27-31961]; Бренд техники, на которую запчасть подходит: M[KOMATSU]","","","234-27-31961-probka-zaglushka-ru","","A","0"
"V18-00-00192924","ru","ООО ""Тестовая компания ПРОДАВЕЦ""","0","0","0","N","","https://service.parts/products/702-16-53240-probka-zaglushka-ru/","","","min:0;max:0","length:0;width:0;height:0","0","","P","F","","","","","","D","81321","Products","0.00","2777.23","0.100","0","0","0.00","29 Apr 2020 13:22:00","N","","N","B","N","R","","","702-16-53240 ПРОБКА / ЗАГЛУШКА","702-16-53240 ПРОБКА / ЗАГЛУШКА","","","","","НДС","(Основные характеристики) Производитель: S[KOMATSU]; (Основные характеристики) Код производителя: S[702-16-53240]; Список номеров аналогов : M[702-16-53240;AAA-702-16-53240]; Бренд техники, на которую запчасть подходит: M[KOMATSU]","","","702-16-53240-probka-zaglushka-ru","","A","0"
"V18-00-00192960","ru","ООО ""Тестовая компания ПРОДАВЕЦ""","0","0","0","N","","https://service.parts/products/428-15-12760-porshen-ru/","","","min:0;max:0","length:0;width:0;height:0","0","","P","F","","","","","","D","81322","Products","0.00","76639.27","8.950","0","0","0.00","29 Apr 2020 13:22:00","N","","N","B","N","R","","","428-15-12760 ПОРШЕНЬ","428-15-12760 ПОРШЕНЬ","","","","","НДС","(Основные характеристики) Производитель: S[KOMATSU]; (Основные характеристики) Код производителя: S[428-15-12760]; Список номеров аналогов : M[428-15-12760;AAA-428-15-12760]; Бренд техники, на которую запчасть подходит: M[KOMATSU]","","","428-15-12760-porshen-ru","","A","0"
"V18-00-00192961","ru","ООО ""Тестовая компания ПРОДАВЕЦ""","0","0","0","N","","https://service.parts/products/6151-32-2110-porshen-ru/","","","min:0;max:0","length:0;width:0;height:0","0","","P","F","","","","","","D","81323","Products","0.00","30438.05","2.110","0","0","0.00","29 Apr 2020 13:22:00","N","","N","B","N","R","","","6151-32-2110 ПОРШЕНЬ","6151-32-2110 ПОРШЕНЬ","","","","","НДС","(Основные характеристики) Производитель: S[KOMATSU]; (Основные характеристики) Код производителя: S[6151-32-2110]; Список номеров аналогов : M[6151-32-2110;AAA-6151-32-2110]; Бренд техники, на которую запчасть подходит: M[KOMATSU]","","","6151-32-2110-porshen-ru","","A","0"
"V18-00-00192963","ru","ООО ""Тестовая компания ПРОДАВЕЦ""","0","0","0","N","","https://service.parts/products/708-2l-06520-porshen-v-sbore-ru/","","","min:0;max:0","length:0;width:0;height:0","0","","P","F","","","","","","D","81324","Products","0.00","28216.63","1.800","0","0","0.00","29 Apr 2020 13:22:00","N","","N","B","N","R","","","708-2L-06520 ПОРШЕНЬ В СБОРЕ","708-2L-06520 ПОРШЕНЬ В СБОРЕ","","","","","НДС","(Основные характеристики) Производитель: S[KOMATSU]; (Основные характеристики) Код производителя: S[708-2L-06520]; Список номеров аналогов : M[708-2L-06520;AAA-708-2L-06520]; Бренд техники, на которую запчасть подходит: M[KOMATSU]","","","708-2l-06520-porshen-v-sbore-ru","","A","0"
"V18-00-00193019","ru","ООО ""Тестовая компания ПРОДАВЕЦ""","0","0","0","N","","https://service.parts/products/42n-856-1770-shtift-ru/","","","min:0;max:0","length:0;width:0;height:0","0","","P","F","","","","","","D","81325","Products","0.00","9126.06","5.621","0","0","0.00","29 Apr 2020 13:22:00","N","","N","B","N","R","","","42N-856-1770 ШТИФТ","42N-856-1770 ШТИФТ","","","","","НДС","(Основные характеристики) Производитель: S[KOMATSU]; (Основные характеристики) Код производителя: S[42N-856-1770]; Список номеров аналогов : M[42N-856-1770;AAA-42N-856-1770]; Бренд техники, на которую запчасть подходит: M[KOMATSU]","","","42n-856-1770-shtift-ru","","A","0"
"V18-00-00193054","ru","ООО ""Тестовая компания ПРОДАВЕЦ""","0","0","0","N","","https://service.parts/products/708-2h-03022-porshen-shtok-gidravlicheskogo-nasosa-ru/","","","min:0;max:0","length:0;width:0;height:0","0","","P","F","","","","","","D","81326","Products","0.00","44787.58","2.910","0","0","0.00","29 Apr 2020 13:22:00","N","","N","B","N","R","","","708-2H-03022 ПОРШЕНЬ-ШТОК ГИДРАВЛИЧЕСКОГО НАСОСА","708-2H-03022 ПОРШЕНЬ-ШТОК ГИДРАВЛИЧЕСКОГО НАСОСА","","","","","НДС","(Основные характеристики) Производитель: S[KOMATSU]; (Основные характеристики) Код производителя: S[708-2H-03022]; Список номеров аналогов : M[708-2H-03022;AAA-708-2H-03022]; Бренд техники, на которую запчасть подходит: M[KOMATSU]","","","708-2h-03022-porshen-shtok-gidravlicheskogo-nasosa-ru","","A","0"
"V18-00-00193062","ru","ООО ""Тестовая компания ПРОДАВЕЦ""","0","0","0","N","","https://service.parts/products/195-15-42421-shesternya-transmissii-ru/","","","min:0;max:0","length:0;width:0;height:0","0","","P","F","","","","","","D","81327","Products","0.00","27711.76","1.060","0","0","0.00","29 Apr 2020 13:22:00","N","","N","B","N","R","","","195-15-42421 ШЕСТЕРНЯ ТРАНСМИССИИ","195-15-42421 ШЕСТЕРНЯ ТРАНСМИССИИ","","","","","НДС","(Основные характеристики) Производитель: S[KOMATSU]; (Основные характеристики) Код производителя: S[195-15-42421]; Список номеров аналогов : M[195-15-42421;AAA-195-15-42421]; Бренд техники, на которую запчасть подходит: M[KOMATSU]","","","195-15-42421-shesternya-transmissii-ru","","A","0"
"V18-00-00193073","ru","ООО ""Тестовая компания ПРОДАВЕЦ""","0","0","0","N","","https://service.parts/products/262-01-12210-nakladka-ru/","","","min:0;max:0","length:0;width:0;height:0","0","","P","F","","","","","","D","81328","Products","0.00","4653.79","0.325","0","0","0.00","29 Apr 2020 13:22:00","N","","N","B","N","R","","","262-01-12210 НАКЛАДКА","262-01-12210 НАКЛАДКА","","","","","НДС","(Основные характеристики) Производитель: S[KOMATSU]; (Основные характеристики) Код производителя: S[262-01-12210]; Список номеров аналогов : M[262-01-12210;AAA-262-01-12210]; Бренд техники, на которую запчасть подходит: M[KOMATSU]","","","262-01-12210-nakladka-ru","","A","0"
"V18-00-00193112","ru","ООО ""Тестовая компания ПРОДАВЕЦ""","0","0","0","N","","https://service.parts/products/6215-71-3160-opornaya-plastina-ru/","","","min:0;max:0","length:0;width:0;height:0","0","","P","F","","","","","","D","81329","Products","0.00","27487.37","0.164","0","0","0.00","29 Apr 2020 13:22:00","N","","N","B","N","R","","","6215-71-3160 ОПОРНАЯ ПЛАСТИНА","6215-71-3160 ОПОРНАЯ ПЛАСТИНА","","","","","НДС","(Основные характеристики) Производитель: S[KOMATSU]; (Основные характеристики) Код производителя: S[6215-71-3160]; Список номеров аналогов : M[6215-71-3160;AAA-6215-71-3160]; Бренд техники, на которую запчасть подходит: M[KOMATSU]","","","6215-71-3160-opornaya-plastina-ru","","A","0"
"V18-00-00193114","ru","ООО ""Тестовая компания ПРОДАВЕЦ""","0","0","0","N","","https://service.parts/products/6240-21-2471-plastina-ru/","","","min:0;max:0","length:0;width:0;height:0","0","","P","F","","","","","","D","81330","Products","0.00","2941.72","0.133","0","0","0.00","29 Apr 2020 13:22:00","N","","N","B","N","R","","","6240-21-2471 ПЛАСТИНА","6240-21-2471 ПЛАСТИНА","","","","","НДС","(Основные характеристики) Производитель: S[KOMATSU]; (Основные характеристики) Код производителя: S[6240-21-2471]; Список номеров аналогов : M[6240-21-2471;AAA-6240-21-2471]; Бренд техники, на которую запчасть подходит: M[KOMATSU]","","","6240-21-2471-plastina-ru","","A","0"
"V18-00-00193126","ru","ООО ""Тестовая компания ПРОДАВЕЦ""","0","0","0","N","","https://service.parts/products/226-03-11560-zaglushka-ru/","","","min:0;max:0","length:0;width:0;height:0","0","","P","F","","","","","","D","81331","Products","0.00","3370.45","0.069","0","0","0.00","29 Apr 2020 13:22:00","N","","N","B","N","R","","","226-03-11560 ЗАГЛУШКА","226-03-11560 ЗАГЛУШКА","","","","","НДС","(Основные характеристики) Производитель: S[KOMATSU]; (Основные характеристики) Код производителя: S[226-03-11560]; Список номеров аналогов : M[226-03-11560;AAA-226-03-11560]; Бренд техники, на которую запчасть подходит: M[KOMATSU]","","","226-03-11560-zaglushka-ru","","A","0"
"V18-00-00193135","ru","ООО ""Тестовая компания ПРОДАВЕЦ""","0","0","0","N","","https://service.parts/products/195-78-21333-koronka-nozha-ryhlitelya-ru/","","","min:0;max:0","length:0;width:0;height:0","0","","P","F","","","","","","D","81332","Products","0.00","19834.26","17.400","0","0","0.00","29 Apr 2020 13:22:00","N","","N","B","N","R","","","195-78-21333 КОРОНКА НОЖА РЫХЛИТЕЛЯ","195-78-21333 КОРОНКА НОЖА РЫХЛИТЕЛЯ","","","","","НДС","(Основные характеристики) Производитель: S[KOMATSU]; (Основные характеристики) Код производителя: S[195-78-21333]; Список номеров аналогов : M[195-78-21333;AAA-195-78-21333]; Бренд техники, на которую запчасть подходит: M[KOMATSU]","","","195-78-21333-koronka-nozha-ryhlitelya-ru","","A","0"
"V18-00-00193358","ru","ООО ""Тестовая компания ПРОДАВЕЦ""","0","0","0","N","","https://service.parts/products/21t-03-31711-radiator-ru/","","","min:0;max:0","length:0;width:0;height:0","0","","P","F","","","","","","D","81333","Products","0.00","511332.33","25.800","0","0","0.00","29 Apr 2020 13:22:00","N","","N","B","N","R","","","21T-03-31711 РАДИАТОР","21T-03-31711 РАДИАТОР","","","","","НДС","(Основные характеристики) Производитель: S[KOMATSU]; (Основные характеристики) Код производителя: S[21T-03-31711]; Список номеров аналогов : M[21T-03-31711;AAA-21T-03-31711]; Бренд техники, на которую запчасть подходит: M[KOMATSU]","","","21t-03-31711-radiator-ru","","A","0"
"V18-00-00193406","ru","ООО ""Тестовая компания ПРОДАВЕЦ""","0","0","0","N","","https://service.parts/products/428-15-12430-shesternya-transmissii-ru/","","","min:0;max:0","length:0;width:0;height:0","0","","P","F","","","","","","D","81334","Products","0.00","20127.48","0.600","0","0","0.00","29 Apr 2020 13:22:00","N","","N","B","N","R","","","428-15-12430 ШЕСТЕРНЯ ТРАНСМИССИИ","428-15-12430 ШЕСТЕРНЯ ТРАНСМИССИИ","","","","","НДС","(Основные характеристики) Производитель: S[KOMATSU]; (Основные характеристики) Код производителя: S[428-15-12430]; Список номеров аналогов : M[428-15-12430;AAA-428-15-12430]; Бренд техники, на которую запчасть подходит: M[KOMATSU]","","","428-15-12430-shesternya-transmissii-ru","","A","0"
"V18-00-00193407","ru","ООО ""Тестовая компания ПРОДАВЕЦ""","0","0","0","N","","https://service.parts/products/569-22-72530-shesternya-transmissii-ru/","","","min:0;max:0","length:0;width:0;height:0","0","","P","F","","","","","","D","81335","Products","0.00","131336.22","11.200","0","0","0.00","29 Apr 2020 13:22:00","N","","N","B","N","R","","","569-22-72530 ШЕСТЕРНЯ ТРАНСМИССИИ","569-22-72530 ШЕСТЕРНЯ ТРАНСМИССИИ","","","","","НДС","(Основные характеристики) Производитель: S[KOMATSU]; (Основные характеристики) Код производителя: S[569-22-72530]; Список номеров аналогов : M[569-22-72530;AAA-569-22-72530]; Бренд техники, на которую запчасть подходит: M[KOMATSU]","","","569-22-72530-shesternya-transmissii-ru","","A","0"
"V18-00-00193469","ru","ООО ""Тестовая компания ПРОДАВЕЦ""","0","0","0","N","","https://service.parts/products/21d-06-11380-otrazhatel-ru/","","","min:0;max:0","length:0;width:0;height:0","0","","P","F","","","","","","D","81336","Products","0.00","679.42","0.025","0","0","0.00","29 Apr 2020 13:22:00","N","","N","B","N","R","","","21D-06-11380 ОТРАЖАТЕЛЬ","21D-06-11380 ОТРАЖАТЕЛЬ","","","","","НДС","(Основные характеристики) Производитель: S[KOMATSU]; (Основные характеристики) Код производителя: S[21D-06-11380]; Список номеров аналогов : M[21D-06-11380;AAA-21D-06-11380]; Бренд техники, на которую запчасть подходит: M[KOMATSU]","","","21d-06-11380-otrazhatel-ru","","A","0"
"V18-00-00193491","ru","ООО ""Тестовая компания ПРОДАВЕЦ""","0","0","0","N","","https://service.parts/products/723-11-18160-kolco-ru/","","","min:0;max:0","length:0;width:0;height:0","0","","P","F","","","","","","D","81337","Products","0.00","2179.92","0.001","0","0","0.00","29 Apr 2020 13:22:00","N","","N","B","N","R","","","723-11-18160 КОЛЬЦО","723-11-18160 КОЛЬЦО","","","","","НДС","(Основные характеристики) Производитель: S[KOMATSU]; (Основные характеристики) Код производителя: S[723-11-18160]; Список номеров аналогов : M[723-11-18160;AAA-723-11-18160]; Бренд техники, на которую запчасть подходит: M[KOMATSU]","","","723-11-18160-kolco-ru","","A","0"
"V18-00-00193492","ru","ООО ""Тестовая компания ПРОДАВЕЦ""","0","0","0","N","","https://service.parts/products/6240-41-5400-koromyslo-klapana-diz-dvs-ru/","","","min:0;max:0","length:0;width:0;height:0","0","","P","F","","","","","","D","81338","Products","0.00","24446.92","0.910","0","0","0.00","29 Apr 2020 13:22:00","N","","N","B","N","R","","","6240-41-5400 КОРОМЫСЛО КЛАПАНА ДИЗ  ДВС","6240-41-5400 КОРОМЫСЛО КЛАПАНА ДИЗ  ДВС","","","","","НДС","(Основные характеристики) Производитель: S[KOMATSU]; (Основные характеристики) Код производителя: S[6240-41-5400]; Список номеров аналогов : M[6240-41-5400;AAA-6240-41-5400]; Бренд техники, на которую запчасть подходит: M[KOMATSU]","","","6240-41-5400-koromyslo-klapana-diz-dvs-ru","","A","0"
"V18-00-00193496","ru","ООО ""Тестовая компания ПРОДАВЕЦ""","0","0","0","N","","https://service.parts/products/235-950-1551-shtok-ru/","","","min:0;max:0","length:0;width:0;height:0","0","","P","F","","","","","","D","81339","Products","0.00","9276.15","0.410","0","0","0.00","29 Apr 2020 13:22:00","N","","N","B","N","R","","","235-950-1551 ШТОК","235-950-1551 ШТОК","","","","","НДС","(Основные характеристики) Производитель: S[KOMATSU]; (Основные характеристики) Код производителя: S[235-950-1551]; Список номеров аналогов : M[235-950-1551;AAA-235-950-1551]; Бренд техники, на которую запчасть подходит: M[KOMATSU]","","","235-950-1551-shtok-ru","","A","0"
"V18-00-00193530","ru","ООО ""Тестовая компания ПРОДАВЕЦ""","0","0","0","N","","https://service.parts/products/723-40-92403-klapan-razgruzochnyy-v-sbore-ru/","","","min:0;max:0","length:0;width:0;height:0","0","","P","F","","","","","","D","81340","Products","0.00","37147.22","0.500","0","0","0.00","29 Apr 2020 13:22:00","N","","N","B","N","R","","","723-40-92403 КЛАПАН РАЗГРУЗОЧНЫЙ В СБОРЕ","723-40-92403 КЛАПАН РАЗГРУЗОЧНЫЙ В СБОРЕ","","","","","НДС","(Основные характеристики) Производитель: S[KOMATSU]; (Основные характеристики) Код производителя: S[723-40-92403]; Список номеров аналогов : M[723-40-92403;AAA-723-40-92403]; Бренд техники, на которую запчасть подходит: M[KOMATSU]","","","723-40-92403-klapan-razgruzochnyy-v-sbore-ru","","A","0"
"V18-00-00193533","ru","ООО ""Тестовая компания ПРОДАВЕЦ""","0","0","0","N","","https://service.parts/products/561-27-61131-stopornyy-disk-ru/","","","min:0;max:0","length:0;width:0;height:0","0","","P","F","","","","","","D","81341","Products","0.00","124040.95","11.800","0","0","0.00","29 Apr 2020 13:22:00","N","","N","B","N","R","","","561-27-61131 СТОПОРНЫЙ ДИСК","561-27-61131 СТОПОРНЫЙ ДИСК","","","","","НДС","(Основные характеристики) Производитель: S[KOMATSU]; (Основные характеристики) Код производителя: S[561-27-61131]; Список номеров аналогов : M[561-27-61131;AAA-561-27-61131]; Бренд техники, на которую запчасть подходит: M[KOMATSU]","","","561-27-61131-stopornyy-disk-ru","","A","0"
"V18-00-00194452","ru","ООО ""Тестовая компания ПРОДАВЕЦ""","0","0","0","N","","https://service.parts/products/561-01-62111-kryshka-ru/","","","min:0;max:0","length:0;width:0;height:0","0","","P","F","","","","","","D","81342","Products","0.00","336333.18","41.800","0","0","0.00","29 Apr 2020 13:22:00","N","","N","B","N","R","","","561-01-62111 КРЫШКА","561-01-62111 КРЫШКА","","","","","НДС","(Основные характеристики) Производитель: S[KOMATSU]; (Основные характеристики) Код производителя: S[561-01-62111]; Список номеров аналогов : M[561-01-62111;AAA-561-01-62111]; Бренд техники, на которую запчасть подходит: M[KOMATSU]","","","561-01-62111-kryshka-ru","","A","0"
"V18-00-00229889","ru","ООО ""Тестовая компания ПРОДАВЕЦ""","0","0","0","N","","https://service.parts/products/102-8151-bt-koleso-napravlyayuschee-ru/","","","min:0;max:0","length:0;width:0;height:0","0","","P","F","","","","","","D","81343","Products","0.00","18646.00","128.000","0","0","0.00","29 Apr 2020 13:22:00","N","","N","B","N","R","","","102-8151-BT КОЛЕСО НАПРАВЛЯЮЩЕЕ","102-8151-BT КОЛЕСО НАПРАВЛЯЮЩЕЕ","","","","","НДС","(Основные характеристики) Производитель: S[BULLTRACK]; (Основные характеристики) Код производителя: S[102-8151]; Список номеров аналогов : M[102-8151;1028151;113-2907;1132907;248-7143;2487143;7Y-1601;7Y1601;AAA-102-8151;BBB-102-8151;CR5732;UX085C0E]; Бренд техники, на которую запчасть подходит: M[CAT;HITACHI]","","","102-8151-bt-koleso-napravlyayuschee-ru","","A","8"
"V18-00-00229890","ru","ООО ""Тестовая компания ПРОДАВЕЦ""","0","0","0","N","","https://service.parts/products/102-8152-bt-koleso-napravlyayuschee-ru/","","","min:0;max:0","length:0;width:0;height:0","0","","P","F","","","","","","D","81344","Products","0.00","41256.00","210.000","0","0","0.00","29 Apr 2020 13:22:00","N","","N","B","N","R","","","102-8152-BT КОЛЕСО НАПРАВЛЯЮЩЕЕ","102-8152-BT КОЛЕСО НАПРАВЛЯЮЩЕЕ","","","","","НДС","(Основные характеристики) Производитель: S[BULLTRACK]; (Основные характеристики) Код производителя: S[102-8152]; Список номеров аналогов : M[102-8152;1028152;115-3698;1153698;136-2422;1362422;7Y-0762;7Y0762;AAA-102-8152;BBB-102-8152;CR6087;UX097C1E]; Бренд техники, на которую запчасть подходит: M[CAT;HITACHI]","","","102-8152-bt-koleso-napravlyayuschee-ru","","A","0"
"V18-00-00022018","ru","ООО ""Тестовая компания ПРОДАВЕЦ""","0","0","0","N","","https://service.parts/products/102-8152-kmf-koleso-napravlyayuschee-ru/","","","min:0;max:0","length:0;width:0;height:0","0","","P","F","","","","","","D","81345","Products","0.00","44321.00","218.100","0","0","0.00","29 Apr 2020 13:22:00","N","","N","B","N","R","","","102-8152-KMF КОЛЕСО НАПРАВЛЯЮЩЕЕ","102-8152-KMF КОЛЕСО НАПРАВЛЯЮЩЕЕ","","","","","НДС","(Основные характеристики) Производитель: S[KMF]; (Основные характеристики) Код производителя: S[102-8152]; Список номеров аналогов : M[102-8152;1028152;115-3698;1153698;136-2422;1362422;7Y-0762;7Y0762;AAA-102-8152;BBB-102-8152;CR6087;UX097C1E]; Бренд техники, на которую запчасть подходит: M[CAT;HITACHI]","","","102-8152-kmf-koleso-napravlyayuschee-ru","","A","0"
"V18-00-00036103","ru","ООО ""Тестовая компания ПРОДАВЕЦ""","0","0","0","N","","https://service.parts/products/102-8155-kt-koleso-napravlyayuschee-ru/","","","min:0;max:0","length:0;width:0;height:0","0","","P","F","","","","","","D","81346","Products","0.00","36729.00","218.100","0","0","0.00","29 Apr 2020 13:22:00","N","","N","B","N","R","","","102-8155-KT КОЛЕСО НАПРАВЛЯЮЩЕЕ","102-8155-KT КОЛЕСО НАПРАВЛЯЮЩЕЕ","","","","","НДС","(Основные характеристики) Производитель: S[KTSU]; (Основные характеристики) Код производителя: S[102-8155]; Список номеров аналогов : M[102-8149;102-8155;115-3696;57700411;7Y03604;AAA-102-8155;BBB-102-8155;CR5884;P0125400Y00;PZ125400N00]; Бренд техники, на которую запчасть подходит: M[CAT]","","","102-8155-kt-koleso-napravlyayuschee-ru","","A","0"
"V18-00-00177131","ru","ООО ""Тестовая компания ПРОДАВЕЦ""","0","0","0","N","","https://service.parts/products/1022168-jmco-zvezdochka-ru/","","","min:0;max:0","length:0;width:0;height:0","0","","P","F","","","","","","D","81347","Products","0.00","15529.00","71.000","0","0","0.00","29 Apr 2020 13:22:00","N","","N","B","N","R","","","1022168-JMCO ЗВЕЗДОЧКА","1022168-JMCO ЗВЕЗДОЧКА","","","","","НДС","(Основные характеристики) Производитель: S[JEMCO]; (Основные характеристики) Код производителя: S[1022168]; Список номеров аналогов : M[1022168;AAA-1022168;BBB-1022168;HT411;R7630000M01]; Бренд техники, на которую запчасть подходит: M[HITACHI]","","","1022168-jmco-zvezdochka-ru","","A","0"
"V18-00-00000476","ru","ООО ""Тестовая компания ПРОДАВЕЦ""","0","0","0","N","","https://service.parts/products/1033091-jh-zvezdochka-ru/","","","min:0;max:0","length:0;width:0;height:0","0","","P","F","","","","","","D","81348","Products","0.00","7141.00","43.000","0","0","0.00","29 Apr 2020 13:22:00","N","","N","B","N","R","","","1033091-JH ЗВЕЗДОЧКА","1033091-JH ЗВЕЗДОЧКА","","","","","НДС","(Основные характеристики) Производитель: S[JH]; (Основные характеристики) Код производителя: S[1033091]; Список номеров аналогов : M[1033091;AAA-1033091;BBB-1033091;HT1025;UR190H421]; Бренд техники, на которую запчасть подходит: M[Не указано]","","","1033091-jh-zvezdochka-ru","","A","0"
"V18-00-00177126","ru","ООО ""Тестовая компания ПРОДАВЕЦ""","0","0","0","N","","https://service.parts/products/1033091-jmco-zvezdochka-ru/","","","min:0;max:0","length:0;width:0;height:0","0","","P","F","","","","","","D","81349","Products","0.00","10102.00","46.000","0","0","0.00","29 Apr 2020 13:22:00","N","","N","B","N","R","","","1033091-JMCO ЗВЕЗДОЧКА","1033091-JMCO ЗВЕЗДОЧКА","","","","","НДС","(Основные характеристики) Производитель: S[JEMCO]; (Основные характеристики) Код производителя: S[1033091]; Список номеров аналогов : M[1033091;AAA-1033091;BBB-1033091;HT1025;UR190H421]; Бренд техники, на которую запчасть подходит: M[Не указано]","","","1033091-jmco-zvezdochka-ru","","A","0"
"V18-00-00233278","ru","ООО ""Тестовая компания ПРОДАВЕЦ""","0","0","0","N","","https://service.parts/products/1033163-hsb-zvezdochka-ru/","","","min:0;max:0","length:0;width:0;height:0","0","","P","F","","","","","","D","81350","Products","0.00","10628.00","72.000","0","0","0.00","29 Apr 2020 13:22:00","N","","N","B","N","R","","","1033163-HSB ЗВЕЗДОЧКА","1033163-HSB ЗВЕЗДОЧКА","","","","","НДС","(Основные характеристики) Производитель: S[HSB]; (Основные характеристики) Код производителя: S[1033163]; Список номеров аналогов : M[1033163;AAA-1033163;BBB-1033163;HT804;UR216H021]; Бренд техники, на которую запчасть подходит: M[Не указано]","","","1033163-hsb-zvezdochka-ru","","A","0"
"V18-00-00021920","ru","ООО ""Тестовая компания ПРОДАВЕЦ""","0","0","0","N","","https://service.parts/products/1033163-jh-zvezdochka-ru/","","","min:0;max:0","length:0;width:0;height:0","0","","P","F","","","","","","D","81351","Products","0.00","11231.00","68.000","0","0","0.00","29 Apr 2020 13:22:00","N","","N","B","N","R","","","1033163-JH ЗВЕЗДОЧКА","1033163-JH ЗВЕЗДОЧКА","","","","","НДС","(Основные характеристики) Производитель: S[JH]; (Основные характеристики) Код производителя: S[1033163]; Список номеров аналогов : M[1033163;AAA-1033163;BBB-1033163;HT804;UR216H021]; Бренд техники, на которую запчасть подходит: M[Не указано]","","","1033163-jh-zvezdochka-ru","","A","0"
"V18-00-00177132","ru","ООО ""Тестовая компания ПРОДАВЕЦ""","0","0","0","N","","https://service.parts/products/1033163-jmco-zvezdochka-ru/","","","min:0;max:0","length:0;width:0;height:0","0","","P","F","","","","","","D","81352","Products","0.00","17323.00","73.000","0","0","0.00","29 Apr 2020 13:22:00","N","","N","B","N","R","","","1033163-JMCO ЗВЕЗДОЧКА","1033163-JMCO ЗВЕЗДОЧКА","","","","","НДС","(Основные характеристики) Производитель: S[JEMCO]; (Основные характеристики) Код производителя: S[1033163]; Список номеров аналогов : M[1033163;AAA-1033163;BBB-1033163;HT804;UR216H021]; Бренд техники, на которую запчасть подходит: M[Не указано]","","","1033163-jmco-zvezdochka-ru","","A","0"
"V18-00-00001134","ru","ООО ""Тестовая компания ПРОДАВЕЦ""","0","0","0","N","","https://service.parts/products/1033227-pk-zvezdochka-ru/","","","min:0;max:0","length:0;width:0;height:0","0","","P","F","","","","","","D","81353","Products","0.00","12577.00","62.000","0","0","0.00","29 Apr 2020 13:22:00","N","","N","B","N","R","","","1033227-PK ЗВЕЗДОЧКА","1033227-PK ЗВЕЗДОЧКА","","","","","НДС","(Основные характеристики) Производитель: S[PUKDOO]; (Основные характеристики) Код производителя: S[1033227]; Список номеров аналогов : M[1033227;AAA-1033227;BBB-1033227;HT1043]; Бренд техники, на которую запчасть подходит: M[HITACHI]","","","1033227-pk-zvezdochka-ru","","A","0"
"V18-00-00022307","ru","ООО ""Тестовая компания ПРОДАВЕЦ""","0","0","0","N","","https://service.parts/products/1077331-vkladysh-shatunnyy-ru/","","","min:0;max:0","length:0;width:0;height:0","0","","P","F","","","","","","D","81354","Products","0.00","1594.00","0.730","0","0","0.00","29 Apr 2020 13:22:00","N","","N","B","N","R","","","1077331 Вкладыш шатунный","Вкладыш шатунный","","","","","НДС","(Основные характеристики) Производитель: S[ITR]; (Основные характеристики) Код производителя: S[1077331]; Список номеров аналогов : M[1077331;AAA-1077331;BBB-1077331]; Бренд техники, на которую запчасть подходит: M[Не указано]","","","1077331-vkladysh-shatunnyy-ru","","A","0"
"V18-00-00003150","ru","ООО ""Тестовая компания ПРОДАВЕЦ""","0","0","0","N","","https://service.parts/products/108-00021a-jc-zvezdochka-ru/","","","min:0;max:0","length:0;width:0;height:0","0","","P","F","","","","","","D","81355","Products","0.00","15651.00","65.000","0","0","0.00","29 Apr 2020 13:22:00","N","","N","B","N","R","","","108-00021A-JC ЗВЕЗДОЧКА","108-00021A-JC ЗВЕЗДОЧКА","","","","","НДС","(Основные характеристики) Производитель: S[JEMCO]; (Основные характеристики) Код производителя: S[108-00021A]; Список номеров аналогов : M[108-00021A;200108-00057;2108-4003;2108-4003A;AAA-108-00021A;BBB-108-00021A]; Бренд техники, на которую запчасть подходит: M[Не указано]","","","108-00021a-jc-zvezdochka-ru","","A","0"
"V18-00-00002334","ru","ООО ""Тестовая компания ПРОДАВЕЦ""","0","0","0","N","","https://service.parts/products/108-0946-kb-nabor-segmentov-ru/","","","min:0;max:0","length:0;width:0;height:0","0","","P","F","","","","","","D","81356","Products","0.00","6344.00","33.640","0","0","0.00","29 Apr 2020 13:22:00","N","","N","B","N","R","","","108-0946-KB НАБОР СЕГМЕНТОВ","108-0946-KB НАБОР СЕГМЕНТОВ","","","","","НДС","(Основные характеристики) Производитель: S[KBJ]; (Основные характеристики) Код производителя: S[108-0946]; Список номеров аналогов : M[108-0946;AAA-108-0946;BBB-108-0946;S01042L0M05]; Бренд техники, на которую запчасть подходит: M[Не указано]","","","108-0946-kb-nabor-segmentov-ru","","A","0"
"V18-00-00216205","ru","ООО ""Тестовая компания ПРОДАВЕЦ""","0","0","0","N","","https://service.parts/products/1081-02210-84e7-00663-jmco-zvezdochka-ru/","","","min:0;max:0","length:0;width:0;height:0","0","","P","F","","","","","","D","81357","Products","0.00","21392.00","105.500","0","0","0.00","29 Apr 2020 13:22:00","N","","N","B","N","R","","","1081-02210 84E7-00663-JMCO ЗВЕЗДОЧКА","84E7-00663-JMCO ЗВЕЗДОЧКА","","","","","НДС","(Основные характеристики) Производитель: S[JEMCO]; (Основные характеристики) Код производителя: S[1081-02210]; Список номеров аналогов : M[1081-02210;84E7-00662;84E7-00663;AAA-1081-02210;BBB-1081-02210]; Бренд техники, на которую запчасть подходит: M[HYUNDAI]","","","1081-02210-84e7-00663-jmco-zvezdochka-ru","","A","0"
"V18-00-00002402","ru","ООО ""Тестовая компания ПРОДАВЕЦ""","0","0","0","N","","https://service.parts/products/115-6337-kt-koleso-napravlyayuschee-ru/","","","min:0;max:0","length:0;width:0;height:0","0","","P","F","","","","","","D","81358","Products","0.00","32166.00","106.000","0","0","0.00","29 Apr 2020 13:22:00","N","","N","B","N","R","","","115-6337-KT КОЛЕСО НАПРАВЛЯЮЩЕЕ","115-6337-KT КОЛЕСО НАПРАВЛЯЮЩЕЕ","","","","","НДС","(Основные характеристики) Производитель: S[KTSU]; (Основные характеристики) Код производителя: S[115-6337]; Список номеров аналогов : M[115-6337;AAA-115-6337;BBB-115-6337;CR5786]; Бренд техники, на которую запчасть подходит: M[Не указано]","","","115-6337-kt-koleso-napravlyayuschee-ru","","A","0"
"V18-00-00001121","ru","ООО ""Тестовая компания ПРОДАВЕЦ""","0","0","0","N","","https://service.parts/products/115-6337-pk-koleso-napravlyayuschee-ru/","","","min:0;max:0","length:0;width:0;height:0","0","","P","F","","","","","","D","81359","Products","0.00","35616.00","132.000","0","0","0.00","29 Apr 2020 13:22:00","N","","N","B","N","R","","","115-6337-PK КОЛЕСО НАПРАВЛЯЮЩЕЕ","115-6337-PK КОЛЕСО НАПРАВЛЯЮЩЕЕ","","","","","НДС","(Основные характеристики) Производитель: S[PUKDOO]; (Основные характеристики) Код производителя: S[115-6337]; Список номеров аналогов : M[115-6337;AAA-115-6337;BBB-115-6337;CR5786]; Бренд техники, на которую запчасть подходит: M[Не указано]","","","115-6337-pk-koleso-napravlyayuschee-ru","","A","0"
"V18-00-00176802","ru","ООО ""Тестовая компания ПРОДАВЕЦ""","0","0","0","N","","https://service.parts/products/117-5045-bt-katok-opornyy-ru/","","","min:0;max:0","length:0;width:0;height:0","0","","P","F","","","","","","D","81360","Products","0.00","5377.00","34.000","0","0","0.00","29 Apr 2020 13:22:00","N","","N","B","N","R","","","117-5045-BT КАТОК ОПОРНЫЙ","117-5045-BT КАТОК ОПОРНЫЙ","","","","","НДС","(Основные характеристики) Производитель: S[BULLTRACK]; (Основные характеристики) Код производителя: S[117-5045]; Список номеров аналогов : M[117-5045;163-4143;1R-8669;1R8669;209-3386;286-9823;348-1867;8E-5034;8E5034;964289;965893;991109;993597;A7820000M00;AAA-117-5045;BBB-117-5045;CR5109;CR5572;D34310103]; Бренд техники, на которую запчасть подходит: M[CAT]","","","117-5045-bt-katok-opornyy-ru","","A","0"
"V18-00-00231976","ru","ООО ""Тестовая компания ПРОДАВЕЦ""","0","0","0","N","","https://service.parts/products/120-5766-katok-opornyy-dvubortnyy-ru/","","","min:0;max:0","length:0;width:0;height:0","0","","P","F","","","","","","D","81361","Products","0.00","15303.00","60.000","0","0","0.00","29 Apr 2020 13:22:00","N","","N","B","N","R","","","120-5766 КАТОК ОПОРНЫЙ ДВУБОРТНЫЙ","120-5766 КАТОК ОПОРНЫЙ ДВУБОРТНЫЙ","","","","","НДС","(Основные характеристики) Производитель: S[SEJIN]; (Основные характеристики) Код производителя: S[120-5766]; Список номеров аналогов : M[120-5766;1205766;125-4176;1254176;2-3239-TP;2880935;AAA-120-5766;B1060L0M00;BBB-120-5766;CR4298;CR6089;UG189C2T;VCR6089V]; Бренд техники, на которую запчасть подходит: M[CAT;HITACHI]","","","120-5766-katok-opornyy-dvubortnyy-ru","","A","0"
"V18-00-00000910","ru","ООО ""Тестовая компания ПРОДАВЕЦ""","0","0","0","N","","https://service.parts/products/120-5766-kbj-katok-opornyy-dvubortnyy-ru/","","","min:0;max:0","length:0;width:0;height:0","0","","P","F","","","","","","D","81362","Products","0.00","16324.00","61.000","0","0","0.00","29 Apr 2020 13:22:00","N","","N","B","N","R","","","120-5766-KBJ КАТОК ОПОРНЫЙ ДВУБОРТНЫЙ","120-5766-KBJ КАТОК ОПОРНЫЙ ДВУБОРТНЫЙ","","","","","НДС","(Основные характеристики) Производитель: S[KBJ]; (Основные характеристики) Код производителя: S[120-5766]; Список номеров аналогов : M[120-5766;1205766;125-4176;1254176;2-3239-TP;2880935;AAA-120-5766;B1060L0M00;BBB-120-5766;CR4298;CR6089;UG189C2T;VCR6089V]; Бренд техники, на которую запчасть подходит: M[CAT;HITACHI]","","","120-5766-kbj-katok-opornyy-dvubortnyy-ru","","A","0"
"V18-00-00021949","ru","ООО ""Тестовая компания ПРОДАВЕЦ""","0","0","0","N","","https://service.parts/products/120-5766-ktsu-katok-opornyy-dvubortnyy-ru/","","","min:0;max:0","length:0;width:0;height:0","0","","P","F","","","","","","D","81363","Products","0.00","16872.00","60.000","0","0","0.00","29 Apr 2020 13:22:00","N","","N","B","N","R","","","120-5766-KTSU КАТОК ОПОРНЫЙ ДВУБОРТНЫЙ","120-5766-KTSU КАТОК ОПОРНЫЙ ДВУБОРТНЫЙ","","","","","НДС","(Основные характеристики) Производитель: S[KTSU]; (Основные характеристики) Код производителя: S[120-5766]; Список номеров аналогов : M[120-5766;1205766;125-4176;1254176;2-3239-TP;2880935;AAA-120-5766;B1060L0M00;BBB-120-5766;CR4298;CR6089;UG189C2T;VCR6089V]; Бренд техники, на которую запчасть подходит: M[CAT;HITACHI]","","","120-5766-ktsu-katok-opornyy-dvubortnyy-ru","","A","0"
"V18-00-00003152","ru","ООО ""Тестовая компания ПРОДАВЕЦ""","0","0","0","N","","https://service.parts/products/121-0824-kt-katok-opornyy-odnobortnyy-ru/","","","min:0;max:0","length:0;width:0;height:0","0","","P","F","","","","","","D","81364","Products","0.00","9461.00","44.200","0","0","0.00","29 Apr 2020 13:22:00","N","","N","B","N","R","","","121-0824-KT КАТОК ОПОРНЫЙ ОДНОБОРТНЫЙ","121-0824-KT КАТОК ОПОРНЫЙ ОДНОБОРТНЫЙ","","","","","НДС","(Основные характеристики) Производитель: S[KTSU]; (Основные характеристики) Код производителя: S[121-0824]; Список номеров аналогов : M[121-0824;2-2967;A01050L1M00;AAA-121-0824;BBB-121-0824;CR6152;UF171C0T;VCR6152V]; Бренд техники, на которую запчасть подходит: M[Не указано]","","","121-0824-kt-katok-opornyy-odnobortnyy-ru","","A","0"
"V18-00-00001141","ru","ООО ""Тестовая компания ПРОДАВЕЦ""","0","0","0","N","","https://service.parts/products/124-3296-pk-zvezdochka-ru/","","","min:0;max:0","length:0;width:0;height:0","0","","P","F","","","","","","D","81365","Products","0.00","12288.00","67.000","0","0","0.00","29 Apr 2020 13:22:00","N","","N","B","N","R","","","124-3296-PK ЗВЕЗДОЧКА","124-3296-PK ЗВЕЗДОЧКА","","","","","НДС","(Основные характеристики) Производитель: S[PUKDOO]; (Основные характеристики) Код производителя: S[124-3296]; Список номеров аналогов : M[124-3296;179-2929;AAA-124-3296;BBB-124-3296;CR6593]; Бренд техники, на которую запчасть подходит: M[CAT]","","","124-3296-pk-zvezdochka-ru","","A","0"
"V18-00-00021974","ru","ООО ""Тестовая компания ПРОДАВЕЦ""","0","0","0","N","","https://service.parts/products/14x-30-00080-jh-katok-opornyy-odnobortnyy-ru/","","","min:0;max:0","length:0;width:0;height:0","0","","P","F","","","","","","D","81366","Products","0.00","12722.00","58.000","0","0","0.00","29 Apr 2020 13:22:00","N","","N","B","N","R","","","14X-30-00080-JH  КАТОК ОПОРНЫЙ ОДНОБОРТНЫЙ","14X-30-00080-JH  КАТОК ОПОРНЫЙ ОДНОБОРТНЫЙ","","","","","НДС","(Основные характеристики) Производитель: S[JH]; (Основные характеристики) Код производителя: S[14X-30-00080]; Список номеров аналогов : M[14X-30-00031;14X-30-00033;14X-30-00035;14X-30-00080;14X-30-00081;14X-30-00082;14X-30-00083E;14X-30-00084;14X-30-00085;14X-30-00087;14X-30-00126;14X-30-00127;14X-30-01020;14X-30-14100;16Y-40-09000;2-4365-TP;A40650E0M00;A40650E0Y00;AAA-14X-30-00080;BBB-14X-30-00080;KM2101ET-K;UF196K0T;VKM2101V;ZZ14X3000083]; Бренд техники, на которую запчасть подходит: M[KOMATSU]","","","14x-30-00080-jh-katok-opornyy-odnobortnyy-ru","","A","0"
"V18-00-00000883","ru","ООО ""Тестовая компания ПРОДАВЕЦ""","0","0","0","N","","https://service.parts/products/14x-30-00080-kbj-katok-opornyy-odnobortnyy-ru/","","","min:0;max:0","length:0;width:0;height:0","0","","P","F","","","","","","D","81367","Products","0.00","14274.00","55.000","0","0","0.00","29 Apr 2020 13:22:00","N","","N","B","N","R","","","14X-30-00080-KBJ КАТОК ОПОРНЫЙ ОДНОБОРТНЫЙ","14X-30-00080-KBJ КАТОК ОПОРНЫЙ ОДНОБОРТНЫЙ","","","","","НДС","(Основные характеристики) Производитель: S[KBJ]; (Основные характеристики) Код производителя: S[14X-30-00080]; Список номеров аналогов : M[14X-30-00031;14X-30-00033;14X-30-00035;14X-30-00080;14X-30-00081;14X-30-00082;14X-30-00083E;14X-30-00084;14X-30-00085;14X-30-00087;14X-30-00126;14X-30-00127;14X-30-01020;14X-30-14100;16Y-40-09000;2-4365-TP;A40650E0M00;A40650E0Y00;AAA-14X-30-00080;BBB-14X-30-00080;KM2101ET-K;UF196K0T;VKM2101V;ZZ14X3000083]; Бренд техники, на которую запчасть подходит: M[KOMATSU]","","","14x-30-00080-kbj-katok-opornyy-odnobortnyy-ru","","A","0"
"V18-00-00021972","ru","ООО ""Тестовая компания ПРОДАВЕЦ""","0","0","0","N","","https://service.parts/products/14x-30-00080-ktsu-katok-opornyy-odnobortnyy-ru/","","","min:0;max:0","length:0;width:0;height:0","0","","P","F","","","","","","D","81368","Products","0.00","14097.00","55.000","0","0","0.00","29 Apr 2020 13:22:00","N","","N","B","N","R","","","14X-30-00080-KTSU  КАТОК ОПОРНЫЙ ОДНОБОРТНЫЙ","14X-30-00080-KTSU  КАТОК ОПОРНЫЙ ОДНОБОРТНЫЙ","","","","","НДС","(Основные характеристики) Производитель: S[KTSU]; (Основные характеристики) Код производителя: S[14X-30-00080]; Список номеров аналогов : M[14X-30-00031;14X-30-00033;14X-30-00035;14X-30-00080;14X-30-00081;14X-30-00082;14X-30-00083E;14X-30-00084;14X-30-00085;14X-30-00087;14X-30-00126;14X-30-00127;14X-30-01020;14X-30-14100;16Y-40-09000;2-4365-TP;A40650E0M00;A40650E0Y00;AAA-14X-30-00080;BBB-14X-30-00080;KM2101ET-K;UF196K0T;VKM2101V;ZZ14X3000083]; Бренд техники, на которую запчасть подходит: M[KOMATSU]","","","14x-30-00080-ktsu-katok-opornyy-odnobortnyy-ru","","A","0"
"V18-00-00021966","ru","ООО ""Тестовая компания ПРОДАВЕЦ""","0","0","0","N","","https://service.parts/products/14x-30-00090-jh-katok-opornyy-dvubortnyy-ru/","","","min:0;max:0","length:0;width:0;height:0","0","","P","F","","","","","","D","81369","Products","0.00","13994.00","60.000","0","0","0.00","29 Apr 2020 13:22:00","N","","N","B","N","R","","","14X-30-00090-JH КАТОК ОПОРНЫЙ ДВУБОРТНЫЙ","14X-30-00090-JH КАТОК ОПОРНЫЙ ДВУБОРТНЫЙ","","","","","НДС","(Основные характеристики) Производитель: S[JH]; (Основные характеристики) Код производителя: S[14X-30-00090]; Список номеров аналогов : M[14X-30-00040;14X-30-00041;14X-30-00043;14X-30-00045;14X-30-00090;14X-30-00091;14X-30-00092;14X-30-00093;14X-30-00095;14X-30-00096;14X-30-00135;14X-30-00136;14X-30-01030;14X-30-14200;16Y-40-10000;2-4368-TP;AAA-14X-30-00090;B40650E0M00;B40650E0Y00;BBB-14X-30-00090;UG196K0T]; Бренд техники, на которую запчасть подходит: M[KOMATSU]","","","14x-30-00090-jh-katok-opornyy-dvubortnyy-ru","","A","0"
"V18-00-00000884","ru","ООО ""Тестовая компания ПРОДАВЕЦ""","0","0","0","N","","https://service.parts/products/14x-30-00090-kbj-katok-opornyy-dvubortnyy-ru/","","","min:0;max:0","length:0;width:0;height:0","0","","P","F","","","","","","D","81370","Products","0.00","16220.00","61.800","0","0","0.00","29 Apr 2020 13:22:00","N","","N","B","N","R","","","14X-30-00090-KBJ КАТОК ОПОРНЫЙ ДВУБОРТНЫЙ","14X-30-00090-KBJ КАТОК ОПОРНЫЙ ДВУБОРТНЫЙ","","","","","НДС","(Основные характеристики) Производитель: S[KBJ]; (Основные характеристики) Код производителя: S[14X-30-00090]; Список номеров аналогов : M[14X-30-00040;14X-30-00041;14X-30-00043;14X-30-00045;14X-30-00090;14X-30-00091;14X-30-00092;14X-30-00093;14X-30-00095;14X-30-00096;14X-30-00135;14X-30-00136;14X-30-01030;14X-30-14200;16Y-40-10000;2-4368-TP;AAA-14X-30-00090;B40650E0M00;B40650E0Y00;BBB-14X-30-00090;UG196K0T]; Бренд техники, на которую запчасть подходит: M[KOMATSU]","","","14x-30-00090-kbj-katok-opornyy-dvubortnyy-ru","","A","0"
"V18-00-00021965","ru","ООО ""Тестовая компания ПРОДАВЕЦ""","0","0","0","N","","https://service.parts/products/14x-30-00090-ktsu-katok-opornyy-dvubortnyy-ru/","","","min:0;max:0","length:0;width:0;height:0","0","","P","F","","","","","","D","81371","Products","0.00","16603.00","60.100","0","0","0.00","29 Apr 2020 13:22:00","N","","N","B","N","R","","","14X-30-00090-KTSU КАТОК ОПОРНЫЙ ДВУБОРТНЫЙ","14X-30-00090-KTSU КАТОК ОПОРНЫЙ ДВУБОРТНЫЙ","","","","","НДС","(Основные характеристики) Производитель: S[KTSU]; (Основные характеристики) Код производителя: S[14X-30-00090]; Список номеров аналогов : M[14X-30-00040;14X-30-00041;14X-30-00043;14X-30-00045;14X-30-00090;14X-30-00091;14X-30-00092;14X-30-00093;14X-30-00095;14X-30-00096;14X-30-00135;14X-30-00136;14X-30-01030;14X-30-14200;16Y-40-10000;2-4368-TP;AAA-14X-30-00090;B40650E0M00;B40650E0Y00;BBB-14X-30-00090;UG196K0T]; Бренд техники, на которую запчасть подходит: M[KOMATSU]","","","14x-30-00090-ktsu-katok-opornyy-dvubortnyy-ru","","A","0"
"V18-00-00216216","ru","ООО ""Тестовая компания ПРОДАВЕЦ""","0","0","0","N","","https://service.parts/products/14x-30-00112-14x-30-00114-jmco-koleso-napravlyayuschee-ru/","","","min:0;max:0","length:0;width:0;height:0","0","","P","F","","","","","","D","81372","Products","0.00","59876.00","210.000","0","0","0.00","29 Apr 2020 13:22:00","N","","N","B","N","R","","","14X-30-00112 14X-30-00114-JMCO КОЛЕСО НАПРАВЛЯЮЩЕЕ","14X-30-00114-JMCO КОЛЕСО НАПРАВЛЯЮЩЕЕ","","","","","НДС","(Основные характеристики) Производитель: S[JEMCO]; (Основные характеристики) Код производителя: S[14X-30-00112]; Список номеров аналогов : M[14X-30-00110;14X-30-00111;14X-30-00112;14X-30-00113;14X-30-00114;14X-30-00115;14X-30-00116;14X-30-00117;14X-30-00160;AAA-14X-30-00112;BBB-14X-30-00112;KM2107;KM2107A;PV0654A1M00;UX101K5E]; Бренд техники, на которую запчасть подходит: M[KOMATSU]","","","14x-30-00112-14x-30-00114-jmco-koleso-napravlyayuschee-ru","","A","0"
"V18-00-00022041","ru","ООО ""Тестовая компания ПРОДАВЕЦ""","0","0","0","N","","https://service.parts/products/14x-30-00116-kmf-koleso-napravlyayuschee-14x-30-00114-ru/","","","min:0;max:0","length:0;width:0;height:0","0","","P","F","","","","","","D","81373","Products","0.00","56944.00","162.510","0","0","0.00","29 Apr 2020 13:22:00","N","","N","B","N","R","","","14X-30-00116-KMF КОЛЕСО НАПРАВЛЯЮЩЕЕ 14X-30-00114","14X-30-00116-KMF КОЛЕСО НАПРАВЛЯЮЩЕЕ 14X-30-00114","","","","","НДС","(Основные характеристики) Производитель: S[KMF]; (Основные характеристики) Код производителя: S[14X-30-00116]; Список номеров аналогов : M[14X-30-00110;14X-30-00111;14X-30-00112;14X-30-00113;14X-30-00114;14X-30-00115;14X-30-00116;14X-30-00117;14X-30-00160;AAA-14X-30-00116;BBB-14X-30-00116;KM2107;KM2107A;PV0654A1M00;UX101K5E]; Бренд техники, на которую запчасть подходит: M[KOMATSU]","","","14x-30-00116-kmf-koleso-napravlyayuschee-14x-30-00114-ru","","A","0"
"V18-00-00021987","ru","ООО ""Тестовая компания ПРОДАВЕЦ""","0","0","0","N","","https://service.parts/products/14x-30-00140-jh-katok-podderzhivayuschiy-ru/","","","min:0;max:0","length:0;width:0;height:0","0","","P","F","","","","","","D","81374","Products","0.00","7251.00","34.000","0","0","0.00","29 Apr 2020 13:22:00","N","","N","B","N","R","","","14X-30-00140-JH КАТОК ПОДДЕРЖИВАЮЩИЙ","14X-30-00140-JH КАТОК ПОДДЕРЖИВАЮЩИЙ","","","","","НДС","(Основные характеристики) Производитель: S[JH]; (Основные характеристики) Код производителя: S[14X-30-00140]; Список номеров аналогов : M[141-30-00560;141-30-00561;141-30-00562;141-30-00563;141-30-00564;141-30-00565;141-30-00566;141-30-00566E;141-30-00568;144-81-30050;144-81-30051;144-81-30052;144-81-30053;144-81-30054;144-813-0050;144-813-0051;144-813-0052;144-813-0053;144-813-0054;14X-30-00140;14X-30-00141;14X-30-00142;14X-30-00142E;14X-30-00143;14X-30-00180;14X-30-00181;14X-30-07200;14X-30-15001;16Y-40-06000;2-0820-TP;2-1150-TP;AAA-14X-30-00140;BBB-14X-30-00140;C40651A0M00;C40651E0M00;KM118;KM2102;KM2105;P16Y-40-06000;UH101K1B;VC4065A0;VC4065E0;VKM2105V]; Бренд техники, на которую запчасть подходит: M[KOMATSU;SHANTUI]","","","14x-30-00140-jh-katok-podderzhivayuschiy-ru","","A","0"
"V18-00-00021983","ru","ООО ""Тестовая компания ПРОДАВЕЦ""","0","0","0","N","","https://service.parts/products/14x-30-00140-ktsu-katok-podderzhivayuschiy-ru/","","","min:0;max:0","length:0;width:0;height:0","0","","P","F","","","","","","D","81375","Products","0.00","10095.00","34.000","0","0","0.00","29 Apr 2020 13:22:00","N","","N","B","N","R","","","14X-30-00140-KTSU КАТОК ПОДДЕРЖИВАЮЩИЙ","14X-30-00140-KTSU КАТОК ПОДДЕРЖИВАЮЩИЙ","","","","","НДС","(Основные характеристики) Производитель: S[KTSU]; (Основные характеристики) Код производителя: S[14X-30-00140]; Список номеров аналогов : M[141-30-00560;141-30-00561;141-30-00562;141-30-00563;141-30-00564;141-30-00565;141-30-00566;141-30-00566E;141-30-00568;144-81-30050;144-81-30051;144-81-30052;144-81-30053;144-81-30054;144-813-0050;144-813-0051;144-813-0052;144-813-0053;144-813-0054;14X-30-00140;14X-30-00141;14X-30-00142;14X-30-00142E;14X-30-00143;14X-30-00180;14X-30-00181;14X-30-07200;14X-30-15001;16Y-40-06000;2-0820-TP;2-1150-TP;AAA-14X-30-00140;BBB-14X-30-00140;C40651A0M00;C40651E0M00;KM118;KM2102;KM2105;P16Y-40-06000;UH101K1B;VC4065A0;VC4065E0;VKM2105V]; Бренд техники, на которую запчасть подходит: M[KOMATSU;SHANTUI]","","","14x-30-00140-ktsu-katok-podderzhivayuschiy-ru","","A","0"
